Concrete mixture,"Moisture content, wc(%)_mean","Moisture content, wc(%)_SD","P-wave velocity, Vp(m/s)_mean","P-wave velocity, Vp(m/s)_SD","Dynamic elastic modulus, Yd(GPa)_mean","Dynamic elastic modulus, Yd(GPa)_SD","Global autocorrelation length, ξg(mm)_mean","Global autocorrelation length, ξg(mm)_SD","Integral range, Xog(mm)_mean","Integral range, Xog(mm)_SD","Autocorrelation length of the pore structure, ξp(μm)_mean","Autocorrelation length of the pore structure, ξp(μm)_SD","Integral range, Xop(mm)_mean","Integral range, Xop(mm)_SD","Mean pore diameter, dp(mm)_mean","Mean pore diameter, dp(mm)_SD","Maximum pore diameter, dpmax(mm)_mean","Maximum pore diameter, dpmax(mm)_SD","Porosity, po(%)_mean","Porosity, po(%)_SD","Diameter, φ(mm)","Height, h(mm)","Mass of sample, (kg)","Density, ρ(kg/m3)","Peak load, Fmax(kN)","Compressive failure strength, CS(MPa)"
F,5.4,0.5,3798.0,164.5,29.4,2.6,0.5,0.1,5.1,0.8,21.6,9.0,4.2,3.8,0.31,0.25,3.9,0.9,5.3,1.2,39.0,81.0,213.0,2201.3,66.5,55.7
F,5.4,0.5,3798.0,164.5,29.4,2.6,0.5,0.1,5.1,0.8,21.6,9.0,4.2,3.8,0.31,0.25,3.9,0.9,5.3,1.2,39.0,81.0,216.0,2232.3,81.0,67.8
F,5.4,0.5,3798.0,164.5,29.4,2.6,0.5,0.1,5.1,0.8,21.6,9.0,4.2,3.8,0.31,0.25,3.9,0.9,5.3,1.2,39.0,81.0,214.0,2211.6,67.9,56.8
F,5.4,0.5,3798.0,164.5,29.4,2.6,0.5,0.1,5.1,0.8,21.6,9.0,4.2,3.8,0.31,0.25,3.9,0.9,5.3,1.2,39.0,81.0,216.0,2232.3,72.2,60.4
F,5.4,0.5,3798.0,164.5,29.4,2.6,0.5,0.1,5.1,0.8,21.6,9.0,4.2,3.8,0.31,0.25,3.9,0.9,5.3,1.2,39.0,81.0,214.0,2211.6,66.5,55.6
F,5.4,0.5,3798.0,164.5,29.4,2.6,0.5,0.1,5.1,0.8,21.6,9.0,4.2,3.8,0.31,0.25,3.9,0.9,5.3,1.2,39.0,81.0,216.0,2232.3,70.7,59.2
F,5.4,0.5,3798.0,164.5,29.4,2.6,0.5,0.1,5.1,0.8,21.6,9.0,4.2,3.8,0.31,0.25,3.9,0.9,5.3,1.2,39.0,81.0,215.0,2222.0,76.0,63.7
F,5.4,0.5,3798.0,164.5,29.4,2.6,0.5,0.1,5.1,0.8,21.6,9.0,4.2,3.8,0.31,0.25,3.9,0.9,5.3,1.2,39.0,81.0,214.0,2211.6,60.3,50.4
F,5.4,0.5,3798.0,164.5,29.4,2.6,0.5,0.1,5.1,0.8,21.6,9.0,4.2,3.8,0.31,0.25,3.9,0.9,5.3,1.2,39.0,80.5,208.0,2163.0,68.6,57.4
F,5.4,0.5,3798.0,164.5,29.4,2.6,0.5,0.1,5.1,0.8,21.6,9.0,4.2,3.8,0.31,0.25,3.9,0.9,5.3,1.2,39.0,80.5,207.0,2152.6,80.5,67.4
F,5.4,0.5,3798.0,164.5,29.4,2.6,0.5,0.1,5.1,0.8,21.6,9.0,4.2,3.8,0.31,0.25,3.9,0.9,5.3,1.2,39.0,81.0,211.0,2180.6,85.0,71.2
F,5.4,0.5,3798.0,164.5,29.4,2.6,0.5,0.1,5.1,0.8,21.6,9.0,4.2,3.8,0.31,0.25,3.9,0.9,5.3,1.2,39.0,81.0,212.0,2190.9,70.4,59.0
F,5.4,0.5,3798.0,164.5,29.4,2.6,0.5,0.1,5.1,0.8,21.6,9.0,4.2,3.8,0.31,0.25,3.9,0.9,5.3,1.2,39.0,81.0,212.0,2190.9,65.6,54.9
F,5.4,0.5,3798.0,164.5,29.4,2.6,0.5,0.1,5.1,0.8,21.6,9.0,4.2,3.8,0.31,0.25,3.9,0.9,5.3,1.2,39.0,80.5,214.0,2225.4,77.6,64.9
F,5.4,0.5,3798.0,164.5,29.4,2.6,0.5,0.1,5.1,0.8,21.6,9.0,4.2,3.8,0.31,0.25,3.9,0.9,5.3,1.2,39.0,81.0,210.0,2170.3,70.2,58.8
F,5.4,0.5,3798.0,164.5,29.4,2.6,0.5,0.1,5.1,0.8,21.6,9.0,4.2,3.8,0.31,0.25,3.9,0.9,5.3,1.2,39.0,81.0,214.0,2211.6,66.4,55.6
F,5.4,0.5,3798.0,164.5,29.4,2.6,0.5,0.1,5.1,0.8,21.6,9.0,4.2,3.8,0.31,0.25,3.9,0.9,5.3,1.2,39.0,80.5,213.0,2215.0,61.9,51.8
F,5.4,0.5,3798.0,164.5,29.4,2.6,0.5,0.1,5.1,0.8,21.6,9.0,4.2,3.8,0.31,0.25,3.9,0.9,5.3,1.2,39.0,81.0,214.0,2211.6,67.2,56.3
F,5.4,0.5,3798.0,164.5,29.4,2.6,0.5,0.1,5.1,0.8,21.6,9.0,4.2,3.8,0.31,0.25,3.9,0.9,5.3,1.2,39.0,81.0,215.0,2222.0,85.2,71.3
F,5.4,0.5,3798.0,164.5,29.4,2.6,0.5,0.1,5.1,0.8,21.6,9.0,4.2,3.8,0.31,0.25,3.9,0.9,5.3,1.2,39.0,81.0,214.0,2211.6,60.8,50.9
F,5.4,0.5,3798.0,164.5,29.4,2.6,0.5,0.1,5.1,0.8,21.6,9.0,4.2,3.8,0.31,0.25,3.9,0.9,5.3,1.2,39.0,81.0,214.0,2211.6,71.8,60.1
F,5.4,0.5,3798.0,164.5,29.4,2.6,0.5,0.1,5.1,0.8,21.6,9.0,4.2,3.8,0.31,0.25,3.9,0.9,5.3,1.2,39.0,80.5,213.0,2215.0,70.3,58.9
F,5.4,0.5,3798.0,164.5,29.4,2.6,0.5,0.1,5.1,0.8,21.6,9.0,4.2,3.8,0.31,0.25,3.9,0.9,5.3,1.2,39.0,81.0,215.0,2222.0,70.5,59.0
F,5.4,0.5,3798.0,164.5,29.4,2.6,0.5,0.1,5.1,0.8,21.6,9.0,4.2,3.8,0.31,0.25,3.9,0.9,5.3,1.2,39.0,81.0,214.0,2211.6,72.6,60.8
F,5.4,0.5,3798.0,164.5,29.4,2.6,0.5,0.1,5.1,0.8,21.6,9.0,4.2,3.8,0.31,0.25,3.9,0.9,5.3,1.2,39.0,80.5,213.0,2215.0,71.0,59.5
F,5.4,0.5,3798.0,164.5,29.4,2.6,0.5,0.1,5.1,0.8,21.6,9.0,4.2,3.8,0.31,0.25,3.9,0.9,5.3,1.2,39.0,81.0,214.0,2211.6,59.3,49.6
F,5.4,0.5,3798.0,164.5,29.4,2.6,0.5,0.1,5.1,0.8,21.6,9.0,4.2,3.8,0.31,0.25,3.9,0.9,5.3,1.2,39.0,81.0,213.0,2201.3,74.7,62.5
F,5.4,0.5,3798.0,164.5,29.4,2.6,0.5,0.1,5.1,0.8,21.6,9.0,4.2,3.8,0.31,0.25,3.9,0.9,5.3,1.2,39.0,81.0,214.0,2211.6,76.2,63.8
F,5.4,0.5,3798.0,164.5,29.4,2.6,0.5,0.1,5.1,0.8,21.6,9.0,4.2,3.8,0.31,0.25,3.9,0.9,5.3,1.2,39.0,81.0,212.0,2190.9,76.3,63.9
F,5.4,0.5,3798.0,164.5,29.4,2.6,0.5,0.1,5.1,0.8,21.6,9.0,4.2,3.8,0.31,0.25,3.9,0.9,5.3,1.2,39.0,81.0,213.0,2201.3,75.1,62.9
F,5.4,0.5,3798.0,164.5,29.4,2.6,0.5,0.1,5.1,0.8,21.6,9.0,4.2,3.8,0.31,0.25,3.9,0.9,5.3,1.2,39.0,81.0,215.0,2222.0,80.9,67.8
F,5.4,0.5,3798.0,164.5,29.4,2.6,0.5,0.1,5.1,0.8,21.6,9.0,4.2,3.8,0.31,0.25,3.9,0.9,5.3,1.2,39.0,81.0,215.0,2222.0,71.7,60.0
F,5.4,0.5,3798.0,164.5,29.4,2.6,0.5,0.1,5.1,0.8,21.6,9.0,4.2,3.8,0.31,0.25,3.9,0.9,5.3,1.2,39.0,80.5,211.0,2194.2,69.0,57.8
F,5.4,0.5,3798.0,164.5,29.4,2.6,0.5,0.1,5.1,0.8,21.6,9.0,4.2,3.8,0.31,0.25,3.9,0.9,5.3,1.2,39.0,80.5,205.0,2131.8,72.3,60.5
F,5.4,0.5,3798.0,164.5,29.4,2.6,0.5,0.1,5.1,0.8,21.6,9.0,4.2,3.8,0.31,0.25,3.9,0.9,5.3,1.2,39.0,80.5,209.0,2173.4,69.5,58.2
F,5.4,0.5,3798.0,164.5,29.4,2.6,0.5,0.1,5.1,0.8,21.6,9.0,4.2,3.8,0.31,0.25,3.9,0.9,5.3,1.2,39.0,81.0,213.0,2201.3,61.3,51.3
F,5.4,0.5,3798.0,164.5,29.4,2.6,0.5,0.1,5.1,0.8,21.6,9.0,4.2,3.8,0.31,0.25,3.9,0.9,5.3,1.2,39.0,81.0,213.0,2201.3,60.8,50.9
F,5.4,0.5,3798.0,164.5,29.4,2.6,0.5,0.1,5.1,0.8,21.6,9.0,4.2,3.8,0.31,0.25,3.9,0.9,5.3,1.2,39.0,81.0,214.0,2211.6,56.7,47.4
F,5.4,0.5,3798.0,164.5,29.4,2.6,0.5,0.1,5.1,0.8,21.6,9.0,4.2,3.8,0.31,0.25,3.9,0.9,5.3,1.2,39.0,81.0,215.0,2222.0,55.4,46.4
F,5.4,0.5,3798.0,164.5,29.4,2.6,0.5,0.1,5.1,0.8,21.6,9.0,4.2,3.8,0.31,0.25,3.9,0.9,5.3,1.2,39.0,81.5,215.0,2208.3,54.0,45.2
F,5.4,0.5,3798.0,164.5,29.4,2.6,0.5,0.1,5.1,0.8,21.6,9.0,4.2,3.8,0.31,0.25,3.9,0.9,5.3,1.2,39.0,81.0,213.0,2201.3,53.3,44.6
F,5.4,0.5,3798.0,164.5,29.4,2.6,0.5,0.1,5.1,0.8,21.6,9.0,4.2,3.8,0.31,0.25,3.9,0.9,5.3,1.2,39.0,81.0,213.0,2201.3,53.0,44.4
F,5.4,0.5,3798.0,164.5,29.4,2.6,0.5,0.1,5.1,0.8,21.6,9.0,4.2,3.8,0.31,0.25,3.9,0.9,5.3,1.2,39.0,81.0,213.0,2201.3,52.2,43.7
F,5.4,0.5,3798.0,164.5,29.4,2.6,0.5,0.1,5.1,0.8,21.6,9.0,4.2,3.8,0.31,0.25,3.9,0.9,5.3,1.2,39.0,81.0,211.0,2180.6,51.0,42.7
F,5.4,0.5,3798.0,164.5,29.4,2.6,0.5,0.1,5.1,0.8,21.6,9.0,4.2,3.8,0.31,0.25,3.9,0.9,5.3,1.2,39.0,81.0,214.0,2211.6,50.4,42.2
F,5.4,0.5,3798.0,164.5,29.4,2.6,0.5,0.1,5.1,0.8,21.6,9.0,4.2,3.8,0.31,0.25,3.9,0.9,5.3,1.2,39.0,81.0,214.0,2211.6,50.6,42.3
F,5.4,0.4,3808.1,142.6,28.9,2.2,0.6,0.1,5.7,0.6,27.4,3.4,5.2,4.1,0.34,0.3,3.7,0.5,6.2,0.5,69.5,139.0,1156.0,2192.2,184.9,48.7
F,5.4,0.4,3808.1,142.6,28.9,2.2,0.6,0.1,5.7,0.6,27.4,3.4,5.2,4.1,0.34,0.3,3.7,0.5,6.2,0.5,69.5,140.0,1173.0,2208.6,185.6,48.9
F,5.4,0.4,3808.1,142.6,28.9,2.2,0.6,0.1,5.7,0.6,27.4,3.4,5.2,4.1,0.34,0.3,3.7,0.5,6.2,0.5,69.5,139.5,1166.0,2203.3,183.7,48.4
F,5.4,0.4,3808.1,142.6,28.9,2.2,0.6,0.1,5.7,0.6,27.4,3.4,5.2,4.1,0.34,0.3,3.7,0.5,6.2,0.5,69.5,140.0,1165.0,2193.5,214.3,56.5
F,5.4,0.4,3808.1,142.6,28.9,2.2,0.6,0.1,5.7,0.6,27.4,3.4,5.2,4.1,0.34,0.3,3.7,0.5,6.2,0.5,69.5,140.0,1170.0,2202.9,200.9,52.9
F,5.4,0.4,3808.1,142.6,28.9,2.2,0.6,0.1,5.7,0.6,27.4,3.4,5.2,4.1,0.34,0.3,3.7,0.5,6.2,0.5,69.5,140.0,1174.0,2210.4,154.0,40.6
F,5.4,0.4,3808.1,142.6,28.9,2.2,0.6,0.1,5.7,0.6,27.4,3.4,5.2,4.1,0.34,0.3,3.7,0.5,6.2,0.5,69.5,139.0,1165.0,2209.3,171.1,45.1
F,5.4,0.4,3808.1,142.6,28.9,2.2,0.6,0.1,5.7,0.6,27.4,3.4,5.2,4.1,0.34,0.3,3.7,0.5,6.2,0.5,69.5,140.0,1171.0,2204.8,160.9,42.4
F,5.4,0.4,3808.1,142.6,28.9,2.2,0.6,0.1,5.7,0.6,27.4,3.4,5.2,4.1,0.34,0.3,3.7,0.5,6.2,0.5,69.5,140.0,1173.0,2208.6,175.1,46.2
F,5.4,0.4,3808.1,142.6,28.9,2.2,0.6,0.1,5.7,0.6,27.4,3.4,5.2,4.1,0.34,0.3,3.7,0.5,6.2,0.5,69.5,139.5,1168.0,2207.0,167.1,44.1
F,5.4,0.4,3808.1,142.6,28.9,2.2,0.6,0.1,5.7,0.6,27.4,3.4,5.2,4.1,0.34,0.3,3.7,0.5,6.2,0.5,69.5,140.0,1181.0,2223.6,216.6,57.1
F,5.4,0.4,3808.1,142.6,28.9,2.2,0.6,0.1,5.7,0.6,27.4,3.4,5.2,4.1,0.34,0.3,3.7,0.5,6.2,0.5,69.5,139.5,1169.0,2208.9,167.2,44.1
F,5.4,0.4,3808.1,142.6,28.9,2.2,0.6,0.1,5.7,0.6,27.4,3.4,5.2,4.1,0.34,0.3,3.7,0.5,6.2,0.5,69.5,140.0,1173.0,2208.6,220.3,58.1
F,5.4,0.4,3808.1,142.6,28.9,2.2,0.6,0.1,5.7,0.6,27.4,3.4,5.2,4.1,0.34,0.3,3.7,0.5,6.2,0.5,69.5,140.0,1170.0,2202.9,209.8,55.3
F,5.4,0.4,3808.1,142.6,28.9,2.2,0.6,0.1,5.7,0.6,27.4,3.4,5.2,4.1,0.34,0.3,3.7,0.5,6.2,0.5,69.5,139.0,1171.0,2220.7,211.9,55.9
F,5.4,0.4,3808.1,142.6,28.9,2.2,0.6,0.1,5.7,0.6,27.4,3.4,5.2,4.1,0.34,0.3,3.7,0.5,6.2,0.5,69.5,140.0,1175.0,2212.3,172.1,45.4
F,5.4,0.4,3808.1,142.6,28.9,2.2,0.6,0.1,5.7,0.6,27.4,3.4,5.2,4.1,0.34,0.3,3.7,0.5,6.2,0.5,69.5,139.0,1164.0,2207.4,191.4,50.4
F,5.4,0.4,3808.1,142.6,28.9,2.2,0.6,0.1,5.7,0.6,27.4,3.4,5.2,4.1,0.34,0.3,3.7,0.5,6.2,0.5,69.5,140.0,1172.0,2206.7,163.9,43.2
F,5.4,0.4,3808.1,142.6,28.9,2.2,0.6,0.1,5.7,0.6,27.4,3.4,5.2,4.1,0.34,0.3,3.7,0.5,6.2,0.5,69.5,140.0,1175.0,2212.3,221.7,58.4
F,5.4,0.4,3808.1,142.6,28.9,2.2,0.6,0.1,5.7,0.6,27.4,3.4,5.2,4.1,0.34,0.3,3.7,0.5,6.2,0.5,69.5,139.5,1177.0,2224.0,187.9,49.5
F,5.4,0.4,3808.1,142.6,28.9,2.2,0.6,0.1,5.7,0.6,27.4,3.4,5.2,4.1,0.34,0.3,3.7,0.5,6.2,0.5,69.5,140.0,1169.0,2201.0,216.8,57.1
F,5.4,0.4,3808.1,142.6,28.9,2.2,0.6,0.1,5.7,0.6,27.4,3.4,5.2,4.1,0.34,0.3,3.7,0.5,6.2,0.5,69.5,139.0,1160.0,2199.8,189.2,49.9
F,5.4,0.4,3808.1,142.6,28.9,2.2,0.6,0.1,5.7,0.6,27.4,3.4,5.2,4.1,0.34,0.3,3.7,0.5,6.2,0.5,69.5,139.5,1164.0,2199.5,218.8,57.7
F,5.4,0.4,3808.1,142.6,28.9,2.2,0.6,0.1,5.7,0.6,27.4,3.4,5.2,4.1,0.34,0.3,3.7,0.5,6.2,0.5,69.5,140.0,1167.0,2197.3,152.2,40.1
F,5.4,0.4,3808.1,142.6,28.9,2.2,0.6,0.1,5.7,0.6,27.4,3.4,5.2,4.1,0.34,0.3,3.7,0.5,6.2,0.5,69.5,140.0,1171.0,2204.8,170.0,44.8
F,5.4,0.4,3808.1,142.6,28.9,2.2,0.6,0.1,5.7,0.6,27.4,3.4,5.2,4.1,0.34,0.3,3.7,0.5,6.2,0.5,69.5,140.0,1160.0,2184.1,174.0,45.9
F,5.4,0.4,3808.1,142.6,28.9,2.2,0.6,0.1,5.7,0.6,27.4,3.4,5.2,4.1,0.34,0.3,3.7,0.5,6.2,0.5,69.5,140.0,1159.0,2182.2,209.0,55.1
F,5.4,0.4,3808.1,142.6,28.9,2.2,0.6,0.1,5.7,0.6,27.4,3.4,5.2,4.1,0.34,0.3,3.7,0.5,6.2,0.5,69.5,140.0,1175.0,2212.3,202.3,53.3
F,5.4,0.4,3808.1,142.6,28.9,2.2,0.6,0.1,5.7,0.6,27.4,3.4,5.2,4.1,0.34,0.3,3.7,0.5,6.2,0.5,69.5,140.0,1163.0,2189.7,162.7,42.9
F,5.4,0.4,3808.1,142.6,28.9,2.2,0.6,0.1,5.7,0.6,27.4,3.4,5.2,4.1,0.34,0.3,3.7,0.5,6.2,0.5,69.5,140.0,1171.0,2204.8,172.4,45.4
F,5.4,0.4,3808.1,142.6,28.9,2.2,0.6,0.1,5.7,0.6,27.4,3.4,5.2,4.1,0.34,0.3,3.7,0.5,6.2,0.5,69.5,139.5,1155.0,2182.5,175.0,46.1
F,5.4,0.4,3808.1,142.6,28.9,2.2,0.6,0.1,5.7,0.6,27.4,3.4,5.2,4.1,0.34,0.3,3.7,0.5,6.2,0.5,69.5,140.0,1160.0,2184.1,171.2,45.1
F,5.4,0.4,3808.1,142.6,28.9,2.2,0.6,0.1,5.7,0.6,27.4,3.4,5.2,4.1,0.34,0.3,3.7,0.5,6.2,0.5,69.5,139.0,1165.0,2209.3,208.1,54.8
F,5.4,0.4,3808.1,142.6,28.9,2.2,0.6,0.1,5.7,0.6,27.4,3.4,5.2,4.1,0.34,0.3,3.7,0.5,6.2,0.5,69.5,140.0,1163.0,2189.7,197.7,52.1
F,5.4,0.4,3808.1,142.6,28.9,2.2,0.6,0.1,5.7,0.6,27.4,3.4,5.2,4.1,0.34,0.3,3.7,0.5,6.2,0.5,69.5,140.0,1166.0,2195.4,166.8,44.0
F,5.4,0.4,3808.1,142.6,28.9,2.2,0.6,0.1,5.7,0.6,27.4,3.4,5.2,4.1,0.34,0.3,3.7,0.5,6.2,0.5,69.5,139.5,1155.0,2182.5,193.5,51.0
F,5.4,0.4,3808.1,142.6,28.9,2.2,0.6,0.1,5.7,0.6,27.4,3.4,5.2,4.1,0.34,0.3,3.7,0.5,6.2,0.5,69.5,139.5,1161.0,2193.8,168.4,44.4
F,5.4,0.4,3808.1,142.6,28.9,2.2,0.6,0.1,5.7,0.6,27.4,3.4,5.2,4.1,0.34,0.3,3.7,0.5,6.2,0.5,69.5,140.0,1160.0,2184.1,193.5,51.0
F,5.4,0.4,3808.1,142.6,28.9,2.2,0.6,0.1,5.7,0.6,27.4,3.4,5.2,4.1,0.34,0.3,3.7,0.5,6.2,0.5,69.5,140.0,1175.0,2212.3,204.4,53.9
F,5.4,0.4,3808.1,142.6,28.9,2.2,0.6,0.1,5.7,0.6,27.4,3.4,5.2,4.1,0.34,0.3,3.7,0.5,6.2,0.5,69.5,140.0,1169.0,2201.0,182.2,48.0
F,5.4,0.4,3808.1,142.6,28.9,2.2,0.6,0.1,5.7,0.6,27.4,3.4,5.2,4.1,0.34,0.3,3.7,0.5,6.2,0.5,69.5,140.0,1173.0,2208.6,211.6,55.8
F,5.4,0.4,3808.1,142.6,28.9,2.2,0.6,0.1,5.7,0.6,27.4,3.4,5.2,4.1,0.34,0.3,3.7,0.5,6.2,0.5,69.5,141.0,1169.0,2185.4,176.8,46.6
F,5.4,0.4,3808.1,142.6,28.9,2.2,0.6,0.1,5.7,0.6,27.4,3.4,5.2,4.1,0.34,0.3,3.7,0.5,6.2,0.5,69.5,140.0,1167.0,2197.3,199.5,52.6
F,5.4,0.4,3808.1,142.6,28.9,2.2,0.6,0.1,5.7,0.6,27.4,3.4,5.2,4.1,0.34,0.3,3.7,0.5,6.2,0.5,69.5,140.0,1168.0,2199.2,204.8,54.0
F,5.4,0.4,3808.1,142.6,28.9,2.2,0.6,0.1,5.7,0.6,27.4,3.4,5.2,4.1,0.34,0.3,3.7,0.5,6.2,0.5,69.5,140.0,1167.0,2197.3,181.0,47.7
F,5.4,0.4,3808.1,142.6,28.9,2.2,0.6,0.1,5.7,0.6,27.4,3.4,5.2,4.1,0.34,0.3,3.7,0.5,6.2,0.5,69.5,139.5,1162.0,2195.7,211.3,55.7
F,5.2,0.5,3823.7,121.7,28.6,2.1,0.6,0.0,6.3,0.8,26.0,8.8,6.7,3.7,0.31,0.18,6.5,1.8,3.7,0.9,111.7,215.2,4.6,2193.6,423.3,43.2
F,5.2,0.5,3823.7,121.7,28.6,2.1,0.6,0.0,6.3,0.8,26.0,8.8,6.7,3.7,0.31,0.18,6.5,1.8,3.7,0.9,111.8,216.0,4.6,2184.0,422.7,43.1
F,5.2,0.5,3823.7,121.7,28.6,2.1,0.6,0.0,6.3,0.8,26.0,8.8,6.7,3.7,0.31,0.18,6.5,1.8,3.7,0.9,111.9,211.2,4.5,2184.8,429.3,43.7
F,5.2,0.5,3823.7,121.7,28.6,2.1,0.6,0.0,6.3,0.8,26.0,8.8,6.7,3.7,0.31,0.18,6.5,1.8,3.7,0.9,112.0,211.5,4.6,2191.8,474.9,48.2
F,5.2,0.5,3823.7,121.7,28.6,2.1,0.6,0.0,6.3,0.8,26.0,8.8,6.7,3.7,0.31,0.18,6.5,1.8,3.7,0.9,112.1,211.2,4.5,2167.0,432.9,43.9
F,5.2,0.5,3823.7,121.7,28.6,2.1,0.6,0.0,6.3,0.8,26.0,8.8,6.7,3.7,0.31,0.18,6.5,1.8,3.7,0.9,111.9,213.2,4.6,2176.7,420.5,42.8
F,5.2,0.5,3823.7,121.7,28.6,2.1,0.6,0.0,6.3,0.8,26.0,8.8,6.7,3.7,0.31,0.18,6.5,1.8,3.7,0.9,111.5,216.0,4.6,2173.5,422.6,43.3
F,5.2,0.5,3823.7,121.7,28.6,2.1,0.6,0.0,6.3,0.8,26.0,8.8,6.7,3.7,0.31,0.18,6.5,1.8,3.7,0.9,111.9,219.0,4.6,2120.5,473.0,48.1
F,5.2,0.5,3823.7,121.7,28.6,2.1,0.6,0.0,6.3,0.8,26.0,8.8,6.7,3.7,0.31,0.18,6.5,1.8,3.7,0.9,112.1,211.0,4.5,2180.1,450.5,45.6
F,5.2,0.5,3823.7,121.7,28.6,2.1,0.6,0.0,6.3,0.8,26.0,8.8,6.7,3.7,0.31,0.18,6.5,1.8,3.7,0.9,111.9,213.8,4.6,2187.8,432.4,44.0
F,5.2,0.5,3823.7,121.7,28.6,2.1,0.6,0.0,6.3,0.8,26.0,8.8,6.7,3.7,0.31,0.18,6.5,1.8,3.7,0.9,111.8,212.0,4.5,2178.1,440.3,44.8
F,5.2,0.5,3823.7,121.7,28.6,2.1,0.6,0.0,6.3,0.8,26.0,8.8,6.7,3.7,0.31,0.18,6.5,1.8,3.7,0.9,112.2,207.3,4.5,2195.0,491.0,49.7
F,5.2,0.5,3823.7,121.7,28.6,2.1,0.6,0.0,6.3,0.8,26.0,8.8,6.7,3.7,0.31,0.18,6.5,1.8,3.7,0.9,111.8,215.0,4.6,2189.9,421.7,43.0
F,5.2,0.5,3823.7,121.7,28.6,2.1,0.6,0.0,6.3,0.8,26.0,8.8,6.7,3.7,0.31,0.18,6.5,1.8,3.7,0.9,112.0,215.0,4.6,2176.9,439.8,44.6
F,5.2,0.5,3823.7,121.7,28.6,2.1,0.6,0.0,6.3,0.8,26.0,8.8,6.7,3.7,0.31,0.18,6.5,1.8,3.7,0.9,112.0,211.0,4.6,2196.0,477.0,48.4
F,5.2,0.5,3823.7,121.7,28.6,2.1,0.6,0.0,6.3,0.8,26.0,8.8,6.7,3.7,0.31,0.18,6.5,1.8,3.7,0.9,111.8,213.0,4.6,2212.8,469.1,47.8
F,5.2,0.5,3823.7,121.7,28.6,2.1,0.6,0.0,6.3,0.8,26.0,8.8,6.7,3.7,0.31,0.18,6.5,1.8,3.7,0.9,111.8,216.5,4.7,2188.3,390.0,39.7
F,5.2,0.5,3823.7,121.7,28.6,2.1,0.6,0.0,6.3,0.8,26.0,8.8,6.7,3.7,0.31,0.18,6.5,1.8,3.7,0.9,112.0,214.0,4.6,2168.1,387.5,39.3
F,5.2,0.5,3823.7,121.7,28.6,2.1,0.6,0.0,6.3,0.8,26.0,8.8,6.7,3.7,0.31,0.18,6.5,1.8,3.7,0.9,111.7,218.7,4.7,2172.1,,45.4
F,5.2,0.5,3823.7,121.7,28.6,2.1,0.6,0.0,6.3,0.8,26.0,8.8,6.7,3.7,0.31,0.18,6.5,1.8,3.7,0.9,112.0,216.0,4.6,2175.7,417.3,42.4
F,5.2,0.5,3823.7,121.7,28.6,2.1,0.6,0.0,6.3,0.8,26.0,8.8,6.7,3.7,0.31,0.18,6.5,1.8,3.7,0.9,111.6,216.7,4.7,2213.5,457.4,46.8
F,5.2,0.5,3823.7,121.7,28.6,2.1,0.6,0.0,6.3,0.8,26.0,8.8,6.7,3.7,0.31,0.18,6.5,1.8,3.7,0.9,111.8,219.0,4.6,2161.0,434.1,44.2
F,5.2,0.5,3823.7,121.7,28.6,2.1,0.6,0.0,6.3,0.8,26.0,8.8,6.7,3.7,0.31,0.18,6.5,1.8,3.7,0.9,111.8,215.0,4.6,2165.7,453.5,46.2
F,5.2,0.5,3823.7,121.7,28.6,2.1,0.6,0.0,6.3,0.8,26.0,8.8,6.7,3.7,0.31,0.18,6.5,1.8,3.7,0.9,111.8,213.7,4.6,2184.6,462.6,47.1
F,5.2,0.5,3823.7,121.7,28.6,2.1,0.6,0.0,6.3,0.8,26.0,8.8,6.7,3.7,0.31,0.18,6.5,1.8,3.7,0.9,112.0,212.0,4.6,2183.2,450.1,45.7
F,5.2,0.5,3823.7,121.7,28.6,2.1,0.6,0.0,6.3,0.8,26.0,8.8,6.7,3.7,0.31,0.18,6.5,1.8,3.7,0.9,111.8,217.3,4.6,2170.0,424.7,43.3
F,5.2,0.5,3823.7,121.7,28.6,2.1,0.6,0.0,6.3,0.8,26.0,8.8,6.7,3.7,0.31,0.18,6.5,1.8,3.7,0.9,111.8,215.0,4.6,2195.1,436.3,44.4
F,5.2,0.5,3823.7,121.7,28.6,2.1,0.6,0.0,6.3,0.8,26.0,8.8,6.7,3.7,0.31,0.18,6.5,1.8,3.7,0.9,111.6,217.8,4.6,2174.2,451.4,46.1
F,5.2,0.5,3823.7,121.7,28.6,2.1,0.6,0.0,6.3,0.8,26.0,8.8,6.7,3.7,0.31,0.18,6.5,1.8,3.7,0.9,112.0,213.0,4.6,2183.5,441.5,44.8
F,5.2,0.5,3823.7,121.7,28.6,2.1,0.6,0.0,6.3,0.8,26.0,8.8,6.7,3.7,0.31,0.18,6.5,1.8,3.7,0.9,112.0,216.0,4.6,2157.4,438.6,44.5
F,5.2,0.5,3823.7,121.7,28.6,2.1,0.6,0.0,6.3,0.8,26.0,8.8,6.7,3.7,0.31,0.18,6.5,1.8,3.7,0.9,111.8,218.0,4.6,2135.0,447.0,45.5
F,5.2,0.5,3823.7,121.7,28.6,2.1,0.6,0.0,6.3,0.8,26.0,8.8,6.7,3.7,0.31,0.18,6.5,1.8,3.7,0.9,111.8,211.5,4.6,2218.4,468.7,47.7
F,5.2,0.5,3823.7,121.7,28.6,2.1,0.6,0.0,6.3,0.8,26.0,8.8,6.7,3.7,0.31,0.18,6.5,1.8,3.7,0.9,111.8,215.0,4.6,2192.2,421.1,42.9
F,5.2,0.5,3823.7,121.7,28.6,2.1,0.6,0.0,6.3,0.8,26.0,8.8,6.7,3.7,0.31,0.18,6.5,1.8,3.7,0.9,111.8,217.0,4.8,2238.7,453.3,46.2
F,5.2,0.5,3823.7,121.7,28.6,2.1,0.6,0.0,6.3,0.8,26.0,8.8,6.7,3.7,0.31,0.18,6.5,1.8,3.7,0.9,111.8,214.7,4.6,2179.2,421.0,42.9
F,5.2,0.5,3823.7,121.7,28.6,2.1,0.6,0.0,6.3,0.8,26.0,8.8,6.7,3.7,0.31,0.18,6.5,1.8,3.7,0.9,112.0,215.0,4.5,2136.3,429.1,43.6
F,5.2,0.5,3823.7,121.7,28.6,2.1,0.6,0.0,6.3,0.8,26.0,8.8,6.7,3.7,0.31,0.18,6.5,1.8,3.7,0.9,111.8,214.7,4.6,2180.6,429.9,43.8
F,5.2,0.5,3823.7,121.7,28.6,2.1,0.6,0.0,6.3,0.8,26.0,8.8,6.7,3.7,0.31,0.18,6.5,1.8,3.7,0.9,112.2,217.8,4.6,2156.1,423.6,42.8
F,5.2,0.5,3823.7,121.7,28.6,2.1,0.6,0.0,6.3,0.8,26.0,8.8,6.7,3.7,0.31,0.18,6.5,1.8,3.7,0.9,111.7,217.2,4.7,2186.1,406.5,41.5
F,5.2,0.5,3823.7,121.7,28.6,2.1,0.6,0.0,6.3,0.8,26.0,8.8,6.7,3.7,0.31,0.18,6.5,1.8,3.7,0.9,111.8,210.8,4.6,2201.6,432.5,44.1
F,5.2,0.5,3823.7,121.7,28.6,2.1,0.6,0.0,6.3,0.8,26.0,8.8,6.7,3.7,0.31,0.18,6.5,1.8,3.7,0.9,111.8,221.8,4.5,2084.2,415.7,42.3
F,5.2,0.5,3823.7,121.7,28.6,2.1,0.6,0.0,6.3,0.8,26.0,8.8,6.7,3.7,0.31,0.18,6.5,1.8,3.7,0.9,111.8,213.3,4.5,2166.7,421.2,42.9
F,5.2,0.5,3823.7,121.7,28.6,2.1,0.6,0.0,6.3,0.8,26.0,8.8,6.7,3.7,0.31,0.18,6.5,1.8,3.7,0.9,111.5,215.8,4.6,2176.4,376.7,38.6
F,5.2,0.5,3823.7,121.7,28.6,2.1,0.6,0.0,6.3,0.8,26.0,8.8,6.7,3.7,0.31,0.18,6.5,1.8,3.7,0.9,111.6,217.0,4.6,2171.8,387.8,39.6
F,5.2,0.5,3823.7,121.7,28.6,2.1,0.6,0.0,6.3,0.8,26.0,8.8,6.7,3.7,0.31,0.18,6.5,1.8,3.7,0.9,111.8,212.0,4.5,2157.4,434.2,44.2
F,5.0,0.2,3782.4,135.5,27.9,2.0,0.6,0.0,11.1,5.8,30.6,6.0,11.3,5.7,0.37,0.25,6.9,1.2,3.9,0.7,160.0,310.0,13.5,2172.8,851.2,42.3
F,5.0,0.2,3782.4,135.5,27.9,2.0,0.6,0.0,11.1,5.8,30.6,6.0,11.3,5.7,0.37,0.25,6.9,1.2,3.9,0.7,160.0,315.0,13.5,2135.0,818.5,40.7
F,5.0,0.2,3782.4,135.5,27.9,2.0,0.6,0.0,11.1,5.8,30.6,6.0,11.3,5.7,0.37,0.25,6.9,1.2,3.9,0.7,160.0,312.5,13.7,2178.5,855.7,42.6
F,5.0,0.2,3782.4,135.5,27.9,2.0,0.6,0.0,11.1,5.8,30.6,6.0,11.3,5.7,0.37,0.25,6.9,1.2,3.9,0.7,160.0,312.0,13.5,2151.9,797.5,39.7
F,5.0,0.2,3782.4,135.5,27.9,2.0,0.6,0.0,11.1,5.8,30.6,6.0,11.3,5.7,0.37,0.25,6.9,1.2,3.9,0.7,160.0,316.0,13.6,2137.2,784.5,39.0
F,5.0,0.2,3782.4,135.5,27.9,2.0,0.6,0.0,11.1,5.8,30.6,6.0,11.3,5.7,0.37,0.25,6.9,1.2,3.9,0.7,160.0,315.0,13.5,2130.3,784.3,39.0
F,5.0,0.2,3782.4,135.5,27.9,2.0,0.6,0.0,11.1,5.8,30.6,6.0,11.3,5.7,0.37,0.25,6.9,1.2,3.9,0.7,160.0,315.7,13.6,2135.5,835.5,41.6
F,5.0,0.2,3782.4,135.5,27.9,2.0,0.6,0.0,11.1,5.8,30.6,6.0,11.3,5.7,0.37,0.25,6.9,1.2,3.9,0.7,160.0,311.7,13.5,2161.8,834.6,41.5
F,5.0,0.2,3782.4,135.5,27.9,2.0,0.6,0.0,11.1,5.8,30.6,6.0,11.3,5.7,0.37,0.25,6.9,1.2,3.9,0.7,160.0,313.3,13.5,2138.0,777.1,38.6
F,5.0,0.2,3782.4,135.5,27.9,2.0,0.6,0.0,11.1,5.8,30.6,6.0,11.3,5.7,0.37,0.25,6.9,1.2,3.9,0.7,160.0,314.0,13.5,2134.2,838.4,41.7
F,5.0,0.2,3782.4,135.5,27.9,2.0,0.6,0.0,11.1,5.8,30.6,6.0,11.3,5.7,0.37,0.25,6.9,1.2,3.9,0.7,160.0,311.8,13.6,2162.8,862.6,42.9
F,5.0,0.2,3782.4,135.5,27.9,2.0,0.6,0.0,11.1,5.8,30.6,6.0,11.3,5.7,0.37,0.25,6.9,1.2,3.9,0.7,160.0,315.0,13.4,2119.2,931.4,46.3
F,5.0,0.2,3782.4,135.5,27.9,2.0,0.6,0.0,11.1,5.8,30.6,6.0,11.3,5.7,0.37,0.25,6.9,1.2,3.9,0.7,160.0,309.0,13.5,2180.7,906.4,45.1
F,5.0,0.2,3782.4,135.5,27.9,2.0,0.6,0.0,11.1,5.8,30.6,6.0,11.3,5.7,0.37,0.25,6.9,1.2,3.9,0.7,160.0,311.3,13.4,2133.2,832.0,41.4
F,5.0,0.2,3782.4,135.5,27.9,2.0,0.6,0.0,11.1,5.8,30.6,6.0,11.3,5.7,0.37,0.25,6.9,1.2,3.9,0.7,160.0,317.0,13.7,2154.2,834.1,41.5
F,5.0,0.2,3782.4,135.5,27.9,2.0,0.6,0.0,11.1,5.8,30.6,6.0,11.3,5.7,0.37,0.25,6.9,1.2,3.9,0.7,160.0,309.0,13.4,2156.8,868.0,43.2
F,5.0,0.2,3782.4,135.5,27.9,2.0,0.6,0.0,11.1,5.8,30.6,6.0,11.3,5.7,0.37,0.25,6.9,1.2,3.9,0.7,160.0,311.2,13.5,2160.9,883.4,43.9
F,5.0,0.2,3782.4,135.5,27.9,2.0,0.6,0.0,11.1,5.8,30.6,6.0,11.3,5.7,0.37,0.25,6.9,1.2,3.9,0.7,160.0,308.7,13.4,2163.8,895.5,44.5
F,5.0,0.2,3782.4,135.5,27.9,2.0,0.6,0.0,11.1,5.8,30.6,6.0,11.3,5.7,0.37,0.25,6.9,1.2,3.9,0.7,160.0,303.5,13.1,2154.3,897.5,44.6
F,5.0,0.2,3782.4,135.5,27.9,2.0,0.6,0.0,11.1,5.8,30.6,6.0,11.3,5.7,0.37,0.25,6.9,1.2,3.9,0.7,160.0,306.7,13.5,2192.0,932.1,46.4
F,5.0,0.2,3782.4,135.5,27.9,2.0,0.6,0.0,11.1,5.8,30.6,6.0,11.3,5.7,0.37,0.25,6.9,1.2,3.9,0.7,160.0,316.0,13.5,2118.0,788.5,39.2
F,5.0,0.2,3782.4,135.5,27.9,2.0,0.6,0.0,11.1,5.8,30.6,6.0,11.3,5.7,0.37,0.25,6.9,1.2,3.9,0.7,160.0,310.0,13.3,2126.5,844.6,42.0
F,5.0,0.2,3782.4,135.5,27.9,2.0,0.6,0.0,11.1,5.8,30.6,6.0,11.3,5.7,0.37,0.25,6.9,1.2,3.9,0.7,160.0,312.2,13.3,2124.5,817.0,40.6
F,5.0,0.2,3782.4,135.5,27.9,2.0,0.6,0.0,11.1,5.8,30.6,6.0,11.3,5.7,0.37,0.25,6.9,1.2,3.9,0.7,160.0,310.0,13.5,2160.8,859.7,42.8
F,5.0,0.2,3782.4,135.5,27.9,2.0,0.6,0.0,11.1,5.8,30.6,6.0,11.3,5.7,0.37,0.25,6.9,1.2,3.9,0.7,160.0,312.0,13.3,2124.1,830.3,41.3
F,5.0,0.2,3782.4,135.5,27.9,2.0,0.6,0.0,11.1,5.8,30.6,6.0,11.3,5.7,0.37,0.25,6.9,1.2,3.9,0.7,160.0,314.8,13.4,2120.6,813.2,40.4
F,5.0,0.2,3782.4,135.5,27.9,2.0,0.6,0.0,11.1,5.8,30.6,6.0,11.3,5.7,0.37,0.25,6.9,1.2,3.9,0.7,160.0,302.0,13.3,2188.9,920.6,45.8
F,5.0,0.2,3782.4,135.5,27.9,2.0,0.6,0.0,11.1,5.8,30.6,6.0,11.3,5.7,0.37,0.25,6.9,1.2,3.9,0.7,160.0,311.3,13.3,2129.6,821.6,40.9
F,5.0,0.2,3782.4,135.5,27.9,2.0,0.6,0.0,11.1,5.8,30.6,6.0,11.3,5.7,0.37,0.25,6.9,1.2,3.9,0.7,160.0,310.0,13.6,2177.8,909.8,45.3
F,5.0,0.2,3782.4,135.5,27.9,2.0,0.6,0.0,11.1,5.8,30.6,6.0,11.3,5.7,0.37,0.25,6.9,1.2,3.9,0.7,160.0,316.0,13.5,2119.4,778.6,38.7
F,5.0,0.2,3782.4,135.5,27.9,2.0,0.6,0.0,11.1,5.8,30.6,6.0,11.3,5.7,0.37,0.25,6.9,1.2,3.9,0.7,160.0,314.0,13.5,2132.3,768.4,38.2
F,5.0,0.2,3782.4,135.5,27.9,2.0,0.6,0.0,11.1,5.8,30.6,6.0,11.3,5.7,0.37,0.25,6.9,1.2,3.9,0.7,160.0,307.0,13.5,2179.8,901.6,44.8
F,5.0,0.2,3782.4,135.5,27.9,2.0,0.6,0.0,11.1,5.8,30.6,6.0,11.3,5.7,0.37,0.25,6.9,1.2,3.9,0.7,160.0,309.7,13.2,2124.2,828.3,41.2
F,5.0,0.2,3782.4,135.5,27.9,2.0,0.6,0.0,11.1,5.8,30.6,6.0,11.3,5.7,0.37,0.25,6.9,1.2,3.9,0.7,160.0,303.2,13.4,2200.4,875.4,43.5
F,5.0,0.2,3782.4,135.5,27.9,2.0,0.6,0.0,11.1,5.8,30.6,6.0,11.3,5.7,0.37,0.25,6.9,1.2,3.9,0.7,160.0,315.0,13.6,2141.8,792.4,39.4
F,5.0,0.2,3782.4,135.5,27.9,2.0,0.6,0.0,11.1,5.8,30.6,6.0,11.3,5.7,0.37,0.25,6.9,1.2,3.9,0.7,160.0,310.0,13.5,2162.7,893.6,44.4
F,5.0,0.2,3782.4,135.5,27.9,2.0,0.6,0.0,11.1,5.8,30.6,6.0,11.3,5.7,0.37,0.25,6.9,1.2,3.9,0.7,160.0,313.7,13.4,2120.7,793.3,39.5
F,5.0,0.2,3782.4,135.5,27.9,2.0,0.6,0.0,11.1,5.8,30.6,6.0,11.3,5.7,0.37,0.25,6.9,1.2,3.9,0.7,160.0,315.8,13.5,2120.3,815.2,40.5
F,5.0,0.2,3782.4,135.5,27.9,2.0,0.6,0.0,11.1,5.8,30.6,6.0,11.3,5.7,0.37,0.25,6.9,1.2,3.9,0.7,160.0,312.0,13.3,2123.7,816.0,40.6
F,5.0,0.2,3782.4,135.5,27.9,2.0,0.6,0.0,11.1,5.8,30.6,6.0,11.3,5.7,0.37,0.25,6.9,1.2,3.9,0.7,160.0,315.0,13.9,2195.2,880.3,43.8
F,5.0,0.2,3782.4,135.5,27.9,2.0,0.6,0.0,11.1,5.8,30.6,6.0,11.3,5.7,0.37,0.25,6.9,1.2,3.9,0.7,160.0,310.8,13.5,2166.6,821.9,40.9
F,5.0,0.2,3782.4,135.5,27.9,2.0,0.6,0.0,11.1,5.8,30.6,6.0,11.3,5.7,0.37,0.25,6.9,1.2,3.9,0.7,160.0,308.0,13.4,2169.0,855.7,42.6
F,5.0,0.2,3782.4,135.5,27.9,2.0,0.6,0.0,11.1,5.8,30.6,6.0,11.3,5.7,0.37,0.25,6.9,1.2,3.9,0.7,160.0,312.0,13.6,2174.8,891.0,44.3
F,5.0,0.2,3782.4,135.5,27.9,2.0,0.6,0.0,11.1,5.8,30.6,6.0,11.3,5.7,0.37,0.25,6.9,1.2,3.9,0.7,160.0,306.5,13.6,2206.7,777.1,38.6
F,5.0,0.2,3782.4,135.5,27.9,2.0,0.6,0.0,11.1,5.8,30.6,6.0,11.3,5.7,0.37,0.25,6.9,1.2,3.9,0.7,160.0,309.0,13.5,2171.0,780.1,38.8
F,5.0,0.2,3782.4,135.5,27.9,2.0,0.6,0.0,11.1,5.8,30.6,6.0,11.3,5.7,0.37,0.25,6.9,1.2,3.9,0.7,160.0,310.0,13.6,2178.9,769.7,38.3
F,5.0,0.2,3782.4,135.5,27.9,2.0,0.6,0.0,11.1,5.8,30.6,6.0,11.3,5.7,0.37,0.25,6.9,1.2,3.9,0.7,160.0,309.0,13.5,2180.2,944.6,47.0
M,3.4,0.3,4343.9,211.2,42.0,4.3,2.0,0.4,9.7,2.5,9.0,7.5,2.7,0.7,0.28,0.21,3.1,0.5,1.6,0.2,39.0,81.0,234.0,2418.3,54.8,45.9
M,3.4,0.3,4343.9,211.2,42.0,4.3,2.0,0.4,9.7,2.5,9.0,7.5,2.7,0.7,0.28,0.21,3.1,0.5,1.6,0.2,39.0,81.0,232.0,2397.6,58.4,48.9
M,3.4,0.3,4343.9,211.2,42.0,4.3,2.0,0.4,9.7,2.5,9.0,7.5,2.7,0.7,0.28,0.21,3.1,0.5,1.6,0.2,39.0,81.0,235.0,2428.6,58.0,48.5
M,3.4,0.3,4343.9,211.2,42.0,4.3,2.0,0.4,9.7,2.5,9.0,7.5,2.7,0.7,0.28,0.21,3.1,0.5,1.6,0.2,39.0,80.5,233.0,2422.9,67.0,56.1
M,3.4,0.3,4343.9,211.2,42.0,4.3,2.0,0.4,9.7,2.5,9.0,7.5,2.7,0.7,0.28,0.21,3.1,0.5,1.6,0.2,39.0,80.5,231.0,2402.1,66.3,55.5
M,3.4,0.3,4343.9,211.2,42.0,4.3,2.0,0.4,9.7,2.5,9.0,7.5,2.7,0.7,0.28,0.21,3.1,0.5,1.6,0.2,39.0,81.0,233.0,2408.0,56.8,47.6
M,3.4,0.3,4343.9,211.2,42.0,4.3,2.0,0.4,9.7,2.5,9.0,7.5,2.7,0.7,0.28,0.21,3.1,0.5,1.6,0.2,39.0,81.0,235.0,2428.6,67.2,56.3
M,3.4,0.3,4343.9,211.2,42.0,4.3,2.0,0.4,9.7,2.5,9.0,7.5,2.7,0.7,0.28,0.21,3.1,0.5,1.6,0.2,39.0,80.5,231.0,2402.1,59.9,50.2
M,3.4,0.3,4343.9,211.2,42.0,4.3,2.0,0.4,9.7,2.5,9.0,7.5,2.7,0.7,0.28,0.21,3.1,0.5,1.6,0.2,39.0,81.0,233.0,2408.0,51.0,42.7
M,3.4,0.3,4343.9,211.2,42.0,4.3,2.0,0.4,9.7,2.5,9.0,7.5,2.7,0.7,0.28,0.21,3.1,0.5,1.6,0.2,39.0,81.0,237.0,2449.3,68.5,57.3
M,3.4,0.3,4343.9,211.2,42.0,4.3,2.0,0.4,9.7,2.5,9.0,7.5,2.7,0.7,0.28,0.21,3.1,0.5,1.6,0.2,39.0,80.0,231.0,2417.1,62.5,52.3
M,3.4,0.3,4343.9,211.2,42.0,4.3,2.0,0.4,9.7,2.5,9.0,7.5,2.7,0.7,0.28,0.21,3.1,0.5,1.6,0.2,39.0,80.5,233.0,2422.9,62.4,52.3
M,3.4,0.3,4343.9,211.2,42.0,4.3,2.0,0.4,9.7,2.5,9.0,7.5,2.7,0.7,0.28,0.21,3.1,0.5,1.6,0.2,39.0,80.0,232.0,2427.6,72.9,61.1
M,3.4,0.3,4343.9,211.2,42.0,4.3,2.0,0.4,9.7,2.5,9.0,7.5,2.7,0.7,0.28,0.21,3.1,0.5,1.6,0.2,39.0,80.5,232.0,2412.5,60.7,50.8
M,3.4,0.3,4343.9,211.2,42.0,4.3,2.0,0.4,9.7,2.5,9.0,7.5,2.7,0.7,0.28,0.21,3.1,0.5,1.6,0.2,39.0,80.0,231.0,2417.1,70.9,59.4
M,3.4,0.3,4343.9,211.2,42.0,4.3,2.0,0.4,9.7,2.5,9.0,7.5,2.7,0.7,0.28,0.21,3.1,0.5,1.6,0.2,39.0,81.0,231.0,2387.3,63.5,53.2
M,3.4,0.3,4343.9,211.2,42.0,4.3,2.0,0.4,9.7,2.5,9.0,7.5,2.7,0.7,0.28,0.21,3.1,0.5,1.6,0.2,39.0,81.5,236.0,2424.0,61.1,51.2
M,3.4,0.3,4343.9,211.2,42.0,4.3,2.0,0.4,9.7,2.5,9.0,7.5,2.7,0.7,0.28,0.21,3.1,0.5,1.6,0.2,39.0,81.5,237.0,2434.3,54.9,46.0
M,3.4,0.3,4343.9,211.2,42.0,4.3,2.0,0.4,9.7,2.5,9.0,7.5,2.7,0.7,0.28,0.21,3.1,0.5,1.6,0.2,39.0,82.0,236.0,2409.2,60.9,51.0
M,3.4,0.3,4343.9,211.2,42.0,4.3,2.0,0.4,9.7,2.5,9.0,7.5,2.7,0.7,0.28,0.21,3.1,0.5,1.6,0.2,39.0,82.0,236.0,2409.2,50.4,42.2
M,3.4,0.3,4343.9,211.2,42.0,4.3,2.0,0.4,9.7,2.5,9.0,7.5,2.7,0.7,0.28,0.21,3.1,0.5,1.6,0.2,39.0,82.0,237.0,2419.4,53.8,45.0
M,3.4,0.3,4343.9,211.2,42.0,4.3,2.0,0.4,9.7,2.5,9.0,7.5,2.7,0.7,0.28,0.21,3.1,0.5,1.6,0.2,39.0,82.0,236.0,2409.2,60.5,50.7
M,3.4,0.3,4343.9,211.2,42.0,4.3,2.0,0.4,9.7,2.5,9.0,7.5,2.7,0.7,0.28,0.21,3.1,0.5,1.6,0.2,39.0,82.0,235.0,2399.0,51.8,43.4
M,3.4,0.3,4343.9,211.2,42.0,4.3,2.0,0.4,9.7,2.5,9.0,7.5,2.7,0.7,0.28,0.21,3.1,0.5,1.6,0.2,39.0,80.5,236.0,2454.1,73.0,61.1
M,3.4,0.3,4343.9,211.2,42.0,4.3,2.0,0.4,9.7,2.5,9.0,7.5,2.7,0.7,0.28,0.21,3.1,0.5,1.6,0.2,39.0,80.5,232.0,2412.5,71.6,59.9
M,3.4,0.3,4343.9,211.2,42.0,4.3,2.0,0.4,9.7,2.5,9.0,7.5,2.7,0.7,0.28,0.21,3.1,0.5,1.6,0.2,39.0,80.5,232.0,2412.5,68.6,57.4
M,3.4,0.3,4343.9,211.2,42.0,4.3,2.0,0.4,9.7,2.5,9.0,7.5,2.7,0.7,0.28,0.21,3.1,0.5,1.6,0.2,39.0,80.5,233.0,2422.9,60.8,50.9
M,3.4,0.3,4343.9,211.2,42.0,4.3,2.0,0.4,9.7,2.5,9.0,7.5,2.7,0.7,0.28,0.21,3.1,0.5,1.6,0.2,39.0,80.5,236.0,2454.1,67.3,56.4
M,3.4,0.3,4343.9,211.2,42.0,4.3,2.0,0.4,9.7,2.5,9.0,7.5,2.7,0.7,0.28,0.21,3.1,0.5,1.6,0.2,39.0,81.0,233.0,2408.0,54.5,45.6
M,3.4,0.3,4343.9,211.2,42.0,4.3,2.0,0.4,9.7,2.5,9.0,7.5,2.7,0.7,0.28,0.21,3.1,0.5,1.6,0.2,39.0,82.0,236.0,2409.2,63.2,52.9
M,3.4,0.3,4343.9,211.2,42.0,4.3,2.0,0.4,9.7,2.5,9.0,7.5,2.7,0.7,0.28,0.21,3.1,0.5,1.6,0.2,39.0,82.0,236.0,2409.2,54.5,45.6
M,3.4,0.3,4343.9,211.2,42.0,4.3,2.0,0.4,9.7,2.5,9.0,7.5,2.7,0.7,0.28,0.21,3.1,0.5,1.6,0.2,39.0,82.0,235.0,2399.0,59.8,50.1
M,3.4,0.3,4343.9,211.2,42.0,4.3,2.0,0.4,9.7,2.5,9.0,7.5,2.7,0.7,0.28,0.21,3.1,0.5,1.6,0.2,39.0,80.5,228.0,2370.9,52.1,43.6
M,3.4,0.3,4343.9,211.2,42.0,4.3,2.0,0.4,9.7,2.5,9.0,7.5,2.7,0.7,0.28,0.21,3.1,0.5,1.6,0.2,39.0,82.0,235.0,2399.0,50.2,42.0
M,3.4,0.3,4343.9,211.2,42.0,4.3,2.0,0.4,9.7,2.5,9.0,7.5,2.7,0.7,0.28,0.21,3.1,0.5,1.6,0.2,39.0,81.5,236.0,2424.0,49.9,41.8
M,3.4,0.3,4343.9,211.2,42.0,4.3,2.0,0.4,9.7,2.5,9.0,7.5,2.7,0.7,0.28,0.21,3.1,0.5,1.6,0.2,39.0,82.0,235.0,2399.0,51.5,43.1
M,3.4,0.3,4343.9,211.2,42.0,4.3,2.0,0.4,9.7,2.5,9.0,7.5,2.7,0.7,0.28,0.21,3.1,0.5,1.6,0.2,39.0,82.0,237.0,2419.4,52.5,44.0
M,3.4,0.3,4343.9,211.2,42.0,4.3,2.0,0.4,9.7,2.5,9.0,7.5,2.7,0.7,0.28,0.21,3.1,0.5,1.6,0.2,39.0,81.5,235.0,2413.7,69.3,58.0
M,3.4,0.3,4343.9,211.2,42.0,4.3,2.0,0.4,9.7,2.5,9.0,7.5,2.7,0.7,0.28,0.21,3.1,0.5,1.6,0.2,39.0,81.0,235.0,2428.6,50.0,41.9
M,3.4,0.3,4343.9,211.2,42.0,4.3,2.0,0.4,9.7,2.5,9.0,7.5,2.7,0.7,0.28,0.21,3.1,0.5,1.6,0.2,39.0,81.5,234.0,2403.5,50.1,41.9
M,3.4,0.3,4343.9,211.2,42.0,4.3,2.0,0.4,9.7,2.5,9.0,7.5,2.7,0.7,0.28,0.21,3.1,0.5,1.6,0.2,39.0,80.5,233.0,2422.9,49.6,41.5
M,3.4,0.3,4343.9,211.2,42.0,4.3,2.0,0.4,9.7,2.5,9.0,7.5,2.7,0.7,0.28,0.21,3.1,0.5,1.6,0.2,39.0,81.5,234.0,2403.5,49.4,41.4
M,3.4,0.3,4343.9,211.2,42.0,4.3,2.0,0.4,9.7,2.5,9.0,7.5,2.7,0.7,0.28,0.21,3.1,0.5,1.6,0.2,39.0,81.5,238.0,2444.6,44.4,37.2
M,3.4,0.3,4343.9,211.2,42.0,4.3,2.0,0.4,9.7,2.5,9.0,7.5,2.7,0.7,0.28,0.21,3.1,0.5,1.6,0.2,39.0,81.0,233.0,2408.0,45.6,38.2
M,3.4,0.3,4337.0,134.4,40.9,2.6,2.0,0.1,14.0,7.0,9.5,6.8,3.3,0.6,0.29,0.2,4.5,0.9,1.9,0.6,69.5,140.0,1254.0,2361.1,189.0,49.8
M,3.4,0.3,4337.0,134.4,40.9,2.6,2.0,0.1,14.0,7.0,9.5,6.8,3.3,0.6,0.29,0.2,4.5,0.9,1.9,0.6,69.5,140.0,1270.0,2391.2,189.6,50.0
M,3.4,0.3,4337.0,134.4,40.9,2.6,2.0,0.1,14.0,7.0,9.5,6.8,3.3,0.6,0.29,0.2,4.5,0.9,1.9,0.6,69.5,140.0,1278.0,2406.3,163.9,43.2
M,3.4,0.3,4337.0,134.4,40.9,2.6,2.0,0.1,14.0,7.0,9.5,6.8,3.3,0.6,0.29,0.2,4.5,0.9,1.9,0.6,69.5,140.0,1272.0,2395.0,161.0,42.4
M,3.4,0.3,4337.0,134.4,40.9,2.6,2.0,0.1,14.0,7.0,9.5,6.8,3.3,0.6,0.29,0.2,4.5,0.9,1.9,0.6,69.5,140.0,1272.0,2395.0,180.3,47.5
M,3.4,0.3,4337.0,134.4,40.9,2.6,2.0,0.1,14.0,7.0,9.5,6.8,3.3,0.6,0.29,0.2,4.5,0.9,1.9,0.6,69.5,140.0,1275.0,2400.6,170.6,45.0
M,3.4,0.3,4337.0,134.4,40.9,2.6,2.0,0.1,14.0,7.0,9.5,6.8,3.3,0.6,0.29,0.2,4.5,0.9,1.9,0.6,69.5,140.0,1280.0,2410.0,179.4,47.3
M,3.4,0.3,4337.0,134.4,40.9,2.6,2.0,0.1,14.0,7.0,9.5,6.8,3.3,0.6,0.29,0.2,4.5,0.9,1.9,0.6,69.5,140.0,1269.0,2389.3,165.5,43.6
M,3.4,0.3,4337.0,134.4,40.9,2.6,2.0,0.1,14.0,7.0,9.5,6.8,3.3,0.6,0.29,0.2,4.5,0.9,1.9,0.6,69.5,140.0,1272.0,2395.0,198.1,52.2
M,3.4,0.3,4337.0,134.4,40.9,2.6,2.0,0.1,14.0,7.0,9.5,6.8,3.3,0.6,0.29,0.2,4.5,0.9,1.9,0.6,69.5,140.0,1270.0,2391.2,170.6,45.0
M,3.4,0.3,4337.0,134.4,40.9,2.6,2.0,0.1,14.0,7.0,9.5,6.8,3.3,0.6,0.29,0.2,4.5,0.9,1.9,0.6,69.5,139.5,1279.0,2416.8,187.4,49.4
M,3.4,0.3,4337.0,134.4,40.9,2.6,2.0,0.1,14.0,7.0,9.5,6.8,3.3,0.6,0.29,0.2,4.5,0.9,1.9,0.6,69.5,140.0,1284.0,2417.6,185.4,48.9
M,3.4,0.3,4337.0,134.4,40.9,2.6,2.0,0.1,14.0,7.0,9.5,6.8,3.3,0.6,0.29,0.2,4.5,0.9,1.9,0.6,69.5,140.0,1275.0,2400.6,187.5,49.4
M,3.4,0.3,4337.0,134.4,40.9,2.6,2.0,0.1,14.0,7.0,9.5,6.8,3.3,0.6,0.29,0.2,4.5,0.9,1.9,0.6,69.5,140.0,1266.0,2383.7,189.1,49.8
M,3.4,0.3,4337.0,134.4,40.9,2.6,2.0,0.1,14.0,7.0,9.5,6.8,3.3,0.6,0.29,0.2,4.5,0.9,1.9,0.6,69.5,140.0,1278.0,2406.3,138.7,36.5
M,3.4,0.3,4337.0,134.4,40.9,2.6,2.0,0.1,14.0,7.0,9.5,6.8,3.3,0.6,0.29,0.2,4.5,0.9,1.9,0.6,69.5,139.0,1271.0,2410.3,142.6,37.6
M,3.4,0.3,4337.0,134.4,40.9,2.6,2.0,0.1,14.0,7.0,9.5,6.8,3.3,0.6,0.29,0.2,4.5,0.9,1.9,0.6,69.5,139.5,1268.0,2396.0,142.2,37.5
M,3.4,0.3,4337.0,134.4,40.9,2.6,2.0,0.1,14.0,7.0,9.5,6.8,3.3,0.6,0.29,0.2,4.5,0.9,1.9,0.6,69.5,140.0,1273.0,2396.9,141.1,37.2
M,3.4,0.3,4337.0,134.4,40.9,2.6,2.0,0.1,14.0,7.0,9.5,6.8,3.3,0.6,0.29,0.2,4.5,0.9,1.9,0.6,69.5,142.0,1290.0,2394.6,191.9,50.6
M,3.4,0.3,4337.0,134.4,40.9,2.6,2.0,0.1,14.0,7.0,9.5,6.8,3.3,0.6,0.29,0.2,4.5,0.9,1.9,0.6,69.5,142.0,1292.0,2398.4,182.4,48.1
M,3.4,0.3,4337.0,134.4,40.9,2.6,2.0,0.1,14.0,7.0,9.5,6.8,3.3,0.6,0.29,0.2,4.5,0.9,1.9,0.6,69.5,142.0,1291.0,2396.5,199.5,52.6
M,3.4,0.3,4337.0,134.4,40.9,2.6,2.0,0.1,14.0,7.0,9.5,6.8,3.3,0.6,0.29,0.2,4.5,0.9,1.9,0.6,69.5,134.0,1213.0,2386.1,181.8,47.9
M,3.4,0.3,4337.0,134.4,40.9,2.6,2.0,0.1,14.0,7.0,9.5,6.8,3.3,0.6,0.29,0.2,4.5,0.9,1.9,0.6,69.5,142.0,1277.0,2370.5,179.3,47.3
M,3.4,0.3,4337.0,134.4,40.9,2.6,2.0,0.1,14.0,7.0,9.5,6.8,3.3,0.6,0.29,0.2,4.5,0.9,1.9,0.6,69.5,142.0,1283.0,2381.7,187.2,49.3
M,3.4,0.3,4337.0,134.4,40.9,2.6,2.0,0.1,14.0,7.0,9.5,6.8,3.3,0.6,0.29,0.2,4.5,0.9,1.9,0.6,69.5,142.0,1302.0,2416.9,189.8,50.0
M,3.4,0.3,4337.0,134.4,40.9,2.6,2.0,0.1,14.0,7.0,9.5,6.8,3.3,0.6,0.29,0.2,4.5,0.9,1.9,0.6,69.5,142.0,1291.0,2396.5,175.8,46.3
M,3.4,0.3,4337.0,134.4,40.9,2.6,2.0,0.1,14.0,7.0,9.5,6.8,3.3,0.6,0.29,0.2,4.5,0.9,1.9,0.6,69.5,142.0,1288.0,2390.9,177.6,46.8
M,3.4,0.3,4337.0,134.4,40.9,2.6,2.0,0.1,14.0,7.0,9.5,6.8,3.3,0.6,0.29,0.2,4.5,0.9,1.9,0.6,69.5,142.0,1287.0,2389.1,175.8,46.3
M,3.4,0.3,4337.0,134.4,40.9,2.6,2.0,0.1,14.0,7.0,9.5,6.8,3.3,0.6,0.29,0.2,4.5,0.9,1.9,0.6,69.5,142.0,1294.0,2402.1,171.8,45.3
M,3.4,0.3,4337.0,134.4,40.9,2.6,2.0,0.1,14.0,7.0,9.5,6.8,3.3,0.6,0.29,0.2,4.5,0.9,1.9,0.6,69.5,142.0,1291.0,2396.5,169.2,44.6
M,3.4,0.3,4337.0,134.4,40.9,2.6,2.0,0.1,14.0,7.0,9.5,6.8,3.3,0.6,0.29,0.2,4.5,0.9,1.9,0.6,69.5,142.0,1297.0,2407.6,169.8,44.7
M,3.4,0.3,4337.0,134.4,40.9,2.6,2.0,0.1,14.0,7.0,9.5,6.8,3.3,0.6,0.29,0.2,4.5,0.9,1.9,0.6,69.5,142.0,1289.0,2392.8,180.4,47.6
M,3.4,0.3,4337.0,134.4,40.9,2.6,2.0,0.1,14.0,7.0,9.5,6.8,3.3,0.6,0.29,0.2,4.5,0.9,1.9,0.6,69.5,142.0,1296.0,2405.8,161.4,42.6
M,3.4,0.3,4337.0,134.4,40.9,2.6,2.0,0.1,14.0,7.0,9.5,6.8,3.3,0.6,0.29,0.2,4.5,0.9,1.9,0.6,69.5,131.0,1189.0,2392.5,180.2,47.5
M,3.4,0.3,4337.0,134.4,40.9,2.6,2.0,0.1,14.0,7.0,9.5,6.8,3.3,0.6,0.29,0.2,4.5,0.9,1.9,0.6,69.5,132.0,1200.0,2396.3,174.1,45.9
M,3.4,0.3,4337.0,134.4,40.9,2.6,2.0,0.1,14.0,7.0,9.5,6.8,3.3,0.6,0.29,0.2,4.5,0.9,1.9,0.6,69.5,142.0,1296.0,2405.8,166.2,43.8
M,3.4,0.3,4337.0,134.4,40.9,2.6,2.0,0.1,14.0,7.0,9.5,6.8,3.3,0.6,0.29,0.2,4.5,0.9,1.9,0.6,69.5,142.0,1287.0,2389.1,181.5,47.9
M,3.4,0.3,4337.0,134.4,40.9,2.6,2.0,0.1,14.0,7.0,9.5,6.8,3.3,0.6,0.29,0.2,4.5,0.9,1.9,0.6,69.5,142.0,1290.0,2394.6,170.1,44.8
M,3.4,0.3,4337.0,134.4,40.9,2.6,2.0,0.1,14.0,7.0,9.5,6.8,3.3,0.6,0.29,0.2,4.5,0.9,1.9,0.6,69.5,142.0,1301.0,2415.1,153.6,40.5
M,3.4,0.3,4337.0,134.4,40.9,2.6,2.0,0.1,14.0,7.0,9.5,6.8,3.3,0.6,0.29,0.2,4.5,0.9,1.9,0.6,69.5,142.0,1298.0,2409.5,157.3,41.5
M,3.4,0.3,4337.0,134.4,40.9,2.6,2.0,0.1,14.0,7.0,9.5,6.8,3.3,0.6,0.29,0.2,4.5,0.9,1.9,0.6,69.5,142.0,1291.0,2396.5,146.9,38.7
M,3.4,0.3,4337.0,134.4,40.9,2.6,2.0,0.1,14.0,7.0,9.5,6.8,3.3,0.6,0.29,0.2,4.5,0.9,1.9,0.6,69.5,142.0,1288.0,2390.9,142.6,37.6
M,3.4,0.3,4337.0,134.4,40.9,2.6,2.0,0.1,14.0,7.0,9.5,6.8,3.3,0.6,0.29,0.2,4.5,0.9,1.9,0.6,69.5,142.0,1288.0,2390.9,141.1,37.2
M,3.4,0.3,4337.0,134.4,40.9,2.6,2.0,0.1,14.0,7.0,9.5,6.8,3.3,0.6,0.29,0.2,4.5,0.9,1.9,0.6,69.5,140.0,1271.0,2393.1,138.1,36.4
M,3.4,0.3,4337.0,134.4,40.9,2.6,2.0,0.1,14.0,7.0,9.5,6.8,3.3,0.6,0.29,0.2,4.5,0.9,1.9,0.6,69.5,139.0,1271.0,2410.3,152.4,40.2
M,3.0,0.1,4268.6,225.7,39.5,4.4,2.3,0.3,15.1,3.3,13.3,3.3,6.1,2.1,0.34,0.22,6.7,1.2,1.9,0.5,112.2,221.5,5.2,2379.4,421.0,42.6
M,3.0,0.1,4268.6,225.7,39.5,4.4,2.3,0.3,15.1,3.3,13.3,3.3,6.1,2.1,0.34,0.22,6.7,1.2,1.9,0.5,111.8,221.5,5.2,2397.4,413.1,42.1
M,3.0,0.1,4268.6,225.7,39.5,4.4,2.3,0.3,15.1,3.3,13.3,3.3,6.1,2.1,0.34,0.22,6.7,1.2,1.9,0.5,111.9,223.7,5.3,2392.8,443.2,45.1
M,3.0,0.1,4268.6,225.7,39.5,4.4,2.3,0.3,15.1,3.3,13.3,3.3,6.1,2.1,0.34,0.22,6.7,1.2,1.9,0.5,112.6,218.7,5.1,2353.3,417.6,41.9
M,3.0,0.1,4268.6,225.7,39.5,4.4,2.3,0.3,15.1,3.3,13.3,3.3,6.1,2.1,0.34,0.22,6.7,1.2,1.9,0.5,112.4,222.0,5.2,2371.1,419.9,42.3
M,3.0,0.1,4268.6,225.7,39.5,4.4,2.3,0.3,15.1,3.3,13.3,3.3,6.1,2.1,0.34,0.22,6.7,1.2,1.9,0.5,111.4,223.5,5.3,2410.5,419.4,43.0
M,3.0,0.1,4268.6,225.7,39.5,4.4,2.3,0.3,15.1,3.3,13.3,3.3,6.1,2.1,0.34,0.22,6.7,1.2,1.9,0.5,112.0,218.7,5.1,2384.6,407.5,41.4
M,3.0,0.1,4268.6,225.7,39.5,4.4,2.3,0.3,15.1,3.3,13.3,3.3,6.1,2.1,0.34,0.22,6.7,1.2,1.9,0.5,112.3,219.7,5.1,2366.2,428.5,43.3
M,3.0,0.1,4268.6,225.7,39.5,4.4,2.3,0.3,15.1,3.3,13.3,3.3,6.1,2.1,0.34,0.22,6.7,1.2,1.9,0.5,112.0,223.0,5.3,2395.5,439.9,44.7
M,3.0,0.1,4268.6,225.7,39.5,4.4,2.3,0.3,15.1,3.3,13.3,3.3,6.1,2.1,0.34,0.22,6.7,1.2,1.9,0.5,112.3,219.5,5.1,2368.3,436.5,44.1
M,3.0,0.1,4268.6,225.7,39.5,4.4,2.3,0.3,15.1,3.3,13.3,3.3,6.1,2.1,0.34,0.22,6.7,1.2,1.9,0.5,111.7,218.3,5.1,2373.8,401.2,40.9
M,3.0,0.1,4268.6,225.7,39.5,4.4,2.3,0.3,15.1,3.3,13.3,3.3,6.1,2.1,0.34,0.22,6.7,1.2,1.9,0.5,111.8,221.0,5.2,2379.8,401.8,40.9
M,3.0,0.1,4268.6,225.7,39.5,4.4,2.3,0.3,15.1,3.3,13.3,3.3,6.1,2.1,0.34,0.22,6.7,1.2,1.9,0.5,111.8,220.3,5.1,2379.5,417.1,42.5
M,3.0,0.1,4268.6,225.7,39.5,4.4,2.3,0.3,15.1,3.3,13.3,3.3,6.1,2.1,0.34,0.22,6.7,1.2,1.9,0.5,112.1,218.8,5.1,2358.4,392.9,39.8
M,3.0,0.1,4268.6,225.7,39.5,4.4,2.3,0.3,15.1,3.3,13.3,3.3,6.1,2.1,0.34,0.22,6.7,1.2,1.9,0.5,112.0,216.8,5.0,2362.0,389.3,39.5
M,3.0,0.1,4268.6,225.7,39.5,4.4,2.3,0.3,15.1,3.3,13.3,3.3,6.1,2.1,0.34,0.22,6.7,1.2,1.9,0.5,111.9,221.7,5.1,2351.5,393.3,40.0
M,3.0,0.1,4268.6,225.7,39.5,4.4,2.3,0.3,15.1,3.3,13.3,3.3,6.1,2.1,0.34,0.22,6.7,1.2,1.9,0.5,111.5,219.2,5.2,2411.3,445.0,45.6
M,3.0,0.1,4268.6,225.7,39.5,4.4,2.3,0.3,15.1,3.3,13.3,3.3,6.1,2.1,0.34,0.22,6.7,1.2,1.9,0.5,111.8,218.0,5.1,2378.9,384.4,39.2
M,3.0,0.1,4268.6,225.7,39.5,4.4,2.3,0.3,15.1,3.3,13.3,3.3,6.1,2.1,0.34,0.22,6.7,1.2,1.9,0.5,111.7,219.7,5.1,2387.5,408.6,41.7
M,3.0,0.1,4268.6,225.7,39.5,4.4,2.3,0.3,15.1,3.3,13.3,3.3,6.1,2.1,0.34,0.22,6.7,1.2,1.9,0.5,111.4,220.0,5.2,2412.5,373.7,38.3
M,3.0,0.1,4268.6,225.7,39.5,4.4,2.3,0.3,15.1,3.3,13.3,3.3,6.1,2.1,0.34,0.22,6.7,1.2,1.9,0.5,112.3,220.0,5.2,2364.3,416.6,42.1
M,3.0,0.1,4268.6,225.7,39.5,4.4,2.3,0.3,15.1,3.3,13.3,3.3,6.1,2.1,0.34,0.22,6.7,1.2,1.9,0.5,111.8,218.7,5.1,2390.8,418.7,42.6
M,3.0,0.1,4268.6,225.7,39.5,4.4,2.3,0.3,15.1,3.3,13.3,3.3,6.1,2.1,0.34,0.22,6.7,1.2,1.9,0.5,111.7,222.7,5.2,2396.1,424.2,43.3
M,3.0,0.1,4268.6,225.7,39.5,4.4,2.3,0.3,15.1,3.3,13.3,3.3,6.1,2.1,0.34,0.22,6.7,1.2,1.9,0.5,111.7,218.0,5.1,2401.4,440.6,45.0
M,3.0,0.1,4268.6,225.7,39.5,4.4,2.3,0.3,15.1,3.3,13.3,3.3,6.1,2.1,0.34,0.22,6.7,1.2,1.9,0.5,111.7,219.0,5.1,2379.3,431.2,44.0
M,3.0,0.1,4268.6,225.7,39.5,4.4,2.3,0.3,15.1,3.3,13.3,3.3,6.1,2.1,0.34,0.22,6.7,1.2,1.9,0.5,111.5,221.5,5.2,2414.0,401.3,41.1
M,3.0,0.1,4268.6,225.7,39.5,4.4,2.3,0.3,15.1,3.3,13.3,3.3,6.1,2.1,0.34,0.22,6.7,1.2,1.9,0.5,111.8,222.3,5.2,2403.9,428.7,43.7
M,3.0,0.1,4268.6,225.7,39.5,4.4,2.3,0.3,15.1,3.3,13.3,3.3,6.1,2.1,0.34,0.22,6.7,1.2,1.9,0.5,111.9,223.0,5.2,2393.4,409.4,41.6
M,3.0,0.1,4268.6,225.7,39.5,4.4,2.3,0.3,15.1,3.3,13.3,3.3,6.1,2.1,0.34,0.22,6.7,1.2,1.9,0.5,111.9,221.3,5.2,2390.7,425.3,43.3
M,3.0,0.1,4268.6,225.7,39.5,4.4,2.3,0.3,15.1,3.3,13.3,3.3,6.1,2.1,0.34,0.22,6.7,1.2,1.9,0.5,111.6,221.0,5.2,2400.8,407.6,41.7
M,3.0,0.1,4268.6,225.7,39.5,4.4,2.3,0.3,15.1,3.3,13.3,3.3,6.1,2.1,0.34,0.22,6.7,1.2,1.9,0.5,111.5,221.0,5.2,2407.9,392.2,40.2
M,3.0,0.1,4268.6,225.7,39.5,4.4,2.3,0.3,15.1,3.3,13.3,3.3,6.1,2.1,0.34,0.22,6.7,1.2,1.9,0.5,112.2,221.8,5.2,2348.4,376.2,38.1
M,3.0,0.1,4268.6,225.7,39.5,4.4,2.3,0.3,15.1,3.3,13.3,3.3,6.1,2.1,0.34,0.22,6.7,1.2,1.9,0.5,111.8,218.0,5.1,2376.1,421.6,42.9
M,3.0,0.1,4268.6,225.7,39.5,4.4,2.3,0.3,15.1,3.3,13.3,3.3,6.1,2.1,0.34,0.22,6.7,1.2,1.9,0.5,111.8,219.0,5.2,2402.9,398.3,40.6
M,3.0,0.1,4268.6,225.7,39.5,4.4,2.3,0.3,15.1,3.3,13.3,3.3,6.1,2.1,0.34,0.22,6.7,1.2,1.9,0.5,112.2,221.0,5.1,2350.0,441.4,44.6
M,3.0,0.1,4268.6,225.7,39.5,4.4,2.3,0.3,15.1,3.3,13.3,3.3,6.1,2.1,0.34,0.22,6.7,1.2,1.9,0.5,112.0,219.7,5.2,2387.2,386.6,39.2
M,3.0,0.1,4268.6,225.7,39.5,4.4,2.3,0.3,15.1,3.3,13.3,3.3,6.1,2.1,0.34,0.22,6.7,1.2,1.9,0.5,111.8,221.0,5.2,2379.3,424.2,43.2
M,3.0,0.1,4268.6,225.7,39.5,4.4,2.3,0.3,15.1,3.3,13.3,3.3,6.1,2.1,0.34,0.22,6.7,1.2,1.9,0.5,112.0,223.0,5.3,2398.7,399.5,40.5
M,3.0,0.1,4268.6,225.7,39.5,4.4,2.3,0.3,15.1,3.3,13.3,3.3,6.1,2.1,0.34,0.22,6.7,1.2,1.9,0.5,112.2,221.8,5.2,2381.2,401.6,40.6
M,3.0,0.1,4268.6,225.7,39.5,4.4,2.3,0.3,15.1,3.3,13.3,3.3,6.1,2.1,0.34,0.22,6.7,1.2,1.9,0.5,112.1,220.7,5.2,2387.7,412.2,41.8
M,3.0,0.1,4268.6,225.7,39.5,4.4,2.3,0.3,15.1,3.3,13.3,3.3,6.1,2.1,0.34,0.22,6.7,1.2,1.9,0.5,111.4,220.5,5.2,2407.0,403.7,41.4
M,3.0,0.1,4268.6,225.7,39.5,4.4,2.3,0.3,15.1,3.3,13.3,3.3,6.1,2.1,0.34,0.22,6.7,1.2,1.9,0.5,111.6,220.0,5.2,2400.1,389.1,39.8
M,3.0,0.1,4268.6,225.7,39.5,4.4,2.3,0.3,15.1,3.3,13.3,3.3,6.1,2.1,0.34,0.22,6.7,1.2,1.9,0.5,111.6,222.0,5.2,2415.3,396.5,40.5
M,2.9,0.3,4283.0,187.9,39.1,3.5,2.4,0.2,16.1,4.1,7.4,3.2,5.4,2.7,0.31,0.23,5.2,1.1,1.1,0.3,160.3,315.0,15.0,2362.7,834.2,41.3
M,2.9,0.3,4283.0,187.9,39.1,3.5,2.4,0.2,16.1,4.1,7.4,3.2,5.4,2.7,0.31,0.23,5.2,1.1,1.1,0.3,160.0,315.3,15.1,2374.0,838.2,41.7
M,2.9,0.3,4283.0,187.9,39.1,3.5,2.4,0.2,16.1,4.1,7.4,3.2,5.4,2.7,0.31,0.23,5.2,1.1,1.1,0.3,160.0,317.7,15.1,2367.0,824.7,41.0
M,2.9,0.3,4283.0,187.9,39.1,3.5,2.4,0.2,16.1,4.1,7.4,3.2,5.4,2.7,0.31,0.23,5.2,1.1,1.1,0.3,160.0,315.7,15.1,2374.2,818.9,40.7
M,2.9,0.3,4283.0,187.9,39.1,3.5,2.4,0.2,16.1,4.1,7.4,3.2,5.4,2.7,0.31,0.23,5.2,1.1,1.1,0.3,160.2,318.0,15.1,2362.0,809.5,40.2
M,2.9,0.3,4283.0,187.9,39.1,3.5,2.4,0.2,16.1,4.1,7.4,3.2,5.4,2.7,0.31,0.23,5.2,1.1,1.1,0.3,160.0,315.7,15.1,2371.0,822.4,40.9
M,2.9,0.3,4283.0,187.9,39.1,3.5,2.4,0.2,16.1,4.1,7.4,3.2,5.4,2.7,0.31,0.23,5.2,1.1,1.1,0.3,160.0,316.7,15.1,2376.1,843.5,42.0
M,2.9,0.3,4283.0,187.9,39.1,3.5,2.4,0.2,16.1,4.1,7.4,3.2,5.4,2.7,0.31,0.23,5.2,1.1,1.1,0.3,160.0,316.3,15.1,2369.7,799.7,39.8
M,2.9,0.3,4283.0,187.9,39.1,3.5,2.4,0.2,16.1,4.1,7.4,3.2,5.4,2.7,0.31,0.23,5.2,1.1,1.1,0.3,160.0,314.3,15.0,2372.1,805.0,40.0
M,2.9,0.3,4283.0,187.9,39.1,3.5,2.4,0.2,16.1,4.1,7.4,3.2,5.4,2.7,0.31,0.23,5.2,1.1,1.1,0.3,160.0,315.0,15.0,2360.5,830.5,41.3
M,2.9,0.3,4283.0,187.9,39.1,3.5,2.4,0.2,16.1,4.1,7.4,3.2,5.4,2.7,0.31,0.23,5.2,1.1,1.1,0.3,160.0,315.0,15.0,2370.9,831.1,41.3
M,2.9,0.3,4283.0,187.9,39.1,3.5,2.4,0.2,16.1,4.1,7.4,3.2,5.4,2.7,0.31,0.23,5.2,1.1,1.1,0.3,160.0,318.0,15.2,2374.8,830.9,41.3
M,2.9,0.3,4283.0,187.9,39.1,3.5,2.4,0.2,16.1,4.1,7.4,3.2,5.4,2.7,0.31,0.23,5.2,1.1,1.1,0.3,160.0,318.3,15.2,2367.3,848.3,42.2
M,2.9,0.3,4283.0,187.9,39.1,3.5,2.4,0.2,16.1,4.1,7.4,3.2,5.4,2.7,0.31,0.23,5.2,1.1,1.1,0.3,160.0,310.0,14.7,2358.4,767.6,38.2
M,2.9,0.3,4283.0,187.9,39.1,3.5,2.4,0.2,16.1,4.1,7.4,3.2,5.4,2.7,0.31,0.23,5.2,1.1,1.1,0.3,160.3,315.3,15.0,2357.3,740.6,36.7
M,2.9,0.3,4283.0,187.9,39.1,3.5,2.4,0.2,16.1,4.1,7.4,3.2,5.4,2.7,0.31,0.23,5.2,1.1,1.1,0.3,159.8,316.3,15.1,2383.5,726.1,36.2
M,2.9,0.3,4283.0,187.9,39.1,3.5,2.4,0.2,16.1,4.1,7.4,3.2,5.4,2.7,0.31,0.23,5.2,1.1,1.1,0.3,160.0,317.7,15.0,2354.5,738.4,36.7
M,2.9,0.3,4283.0,187.9,39.1,3.5,2.4,0.2,16.1,4.1,7.4,3.2,5.4,2.7,0.31,0.23,5.2,1.1,1.1,0.3,160.2,316.7,15.1,2362.3,733.8,36.4
M,2.9,0.3,4283.0,187.9,39.1,3.5,2.4,0.2,16.1,4.1,7.4,3.2,5.4,2.7,0.31,0.23,5.2,1.1,1.1,0.3,160.2,317.3,14.8,2312.5,757.3,37.6
M,2.9,0.3,4283.0,187.9,39.1,3.5,2.4,0.2,16.1,4.1,7.4,3.2,5.4,2.7,0.31,0.23,5.2,1.1,1.1,0.3,160.3,314.0,14.9,2351.3,752.0,37.3
M,2.9,0.3,4283.0,187.9,39.1,3.5,2.4,0.2,16.1,4.1,7.4,3.2,5.4,2.7,0.31,0.23,5.2,1.1,1.1,0.3,160.0,311.7,14.8,2363.1,749.7,37.3
M,2.9,0.3,4283.0,187.9,39.1,3.5,2.4,0.2,16.1,4.1,7.4,3.2,5.4,2.7,0.31,0.23,5.2,1.1,1.1,0.3,160.8,318.0,15.1,2339.8,716.7,35.3
M,2.9,0.3,4283.0,187.9,39.1,3.5,2.4,0.2,16.1,4.1,7.4,3.2,5.4,2.7,0.31,0.23,5.2,1.1,1.1,0.3,160.2,316.3,15.0,2357.5,763.9,37.9
M,2.9,0.3,4283.0,187.9,39.1,3.5,2.4,0.2,16.1,4.1,7.4,3.2,5.4,2.7,0.31,0.23,5.2,1.1,1.1,0.3,160.0,316.7,15.2,2382.4,761.1,37.9
M,2.9,0.3,4283.0,187.9,39.1,3.5,2.4,0.2,16.1,4.1,7.4,3.2,5.4,2.7,0.31,0.23,5.2,1.1,1.1,0.3,160.0,311.3,14.8,2371.0,749.9,37.3
M,2.9,0.3,4283.0,187.9,39.1,3.5,2.4,0.2,16.1,4.1,7.4,3.2,5.4,2.7,0.31,0.23,5.2,1.1,1.1,0.3,160.3,315.0,15.0,2362.7,756.5,37.5
M,2.9,0.3,4283.0,187.9,39.1,3.5,2.4,0.2,16.1,4.1,7.4,3.2,5.4,2.7,0.31,0.23,5.2,1.1,1.1,0.3,160.3,310.0,14.8,2370.4,801.1,39.7
M,2.9,0.3,4283.0,187.9,39.1,3.5,2.4,0.2,16.1,4.1,7.4,3.2,5.4,2.7,0.31,0.23,5.2,1.1,1.1,0.3,160.3,317.3,15.1,2359.6,757.6,37.5
M,2.9,0.3,4283.0,187.9,39.1,3.5,2.4,0.2,16.1,4.1,7.4,3.2,5.4,2.7,0.31,0.23,5.2,1.1,1.1,0.3,160.0,315.7,15.1,2372.6,781.2,38.9
M,2.9,0.3,4283.0,187.9,39.1,3.5,2.4,0.2,16.1,4.1,7.4,3.2,5.4,2.7,0.31,0.23,5.2,1.1,1.1,0.3,160.0,316.7,15.1,2371.2,797.6,39.7
M,2.9,0.3,4283.0,187.9,39.1,3.5,2.4,0.2,16.1,4.1,7.4,3.2,5.4,2.7,0.31,0.23,5.2,1.1,1.1,0.3,160.0,315.3,15.1,2377.2,786.0,39.1
M,2.9,0.3,4283.0,187.9,39.1,3.5,2.4,0.2,16.1,4.1,7.4,3.2,5.4,2.7,0.31,0.23,5.2,1.1,1.1,0.3,160.0,313.3,15.0,2381.2,811.9,40.4
M,2.9,0.3,4283.0,187.9,39.1,3.5,2.4,0.2,16.1,4.1,7.4,3.2,5.4,2.7,0.31,0.23,5.2,1.1,1.1,0.3,160.0,311.0,14.8,2363.7,809.9,40.3
M,2.9,0.3,4283.0,187.9,39.1,3.5,2.4,0.2,16.1,4.1,7.4,3.2,5.4,2.7,0.31,0.23,5.2,1.1,1.1,0.3,160.0,317.2,15.2,2377.7,807.9,40.2
M,2.9,0.3,4283.0,187.9,39.1,3.5,2.4,0.2,16.1,4.1,7.4,3.2,5.4,2.7,0.31,0.23,5.2,1.1,1.1,0.3,160.0,315.0,14.9,2359.7,806.1,40.1
M,2.9,0.3,4283.0,187.9,39.1,3.5,2.4,0.2,16.1,4.1,7.4,3.2,5.4,2.7,0.31,0.23,5.2,1.1,1.1,0.3,160.0,314.7,15.0,2363.0,842.5,41.9
M,2.9,0.3,4283.0,187.9,39.1,3.5,2.4,0.2,16.1,4.1,7.4,3.2,5.4,2.7,0.31,0.23,5.2,1.1,1.1,0.3,160.0,315.7,15.1,2372.6,772.3,38.4
M,2.9,0.3,4283.0,187.9,39.1,3.5,2.4,0.2,16.1,4.1,7.4,3.2,5.4,2.7,0.31,0.23,5.2,1.1,1.1,0.3,160.0,315.3,15.1,2380.3,779.8,38.8
M,2.9,0.3,4283.0,187.9,39.1,3.5,2.4,0.2,16.1,4.1,7.4,3.2,5.4,2.7,0.31,0.23,5.2,1.1,1.1,0.3,160.0,316.3,15.0,2361.8,786.1,39.1
M,2.9,0.3,4283.0,187.9,39.1,3.5,2.4,0.2,16.1,4.1,7.4,3.2,5.4,2.7,0.31,0.23,5.2,1.1,1.1,0.3,160.2,313.3,14.9,2365.8,757.5,37.6
M,2.9,0.3,4283.0,187.9,39.1,3.5,2.4,0.2,16.1,4.1,7.4,3.2,5.4,2.7,0.31,0.23,5.2,1.1,1.1,0.3,160.0,316.0,15.1,2376.6,781.0,38.8
C,3.4,0.4,4168.7,293.9,38.1,5.3,3.5,0.8,10.0,1.1,6.1,3.3,5.5,4.2,0.23,0.21,2.5,0.6,1.1,0.4,39.0,81.0,232.0,2397.6,40.0,33.5
C,3.4,0.4,4168.7,293.9,38.1,5.3,3.5,0.8,10.0,1.1,6.1,3.3,5.5,4.2,0.23,0.21,2.5,0.6,1.1,0.4,39.0,81.0,232.0,2397.6,46.4,38.9
C,3.4,0.4,4168.7,293.9,38.1,5.3,3.5,0.8,10.0,1.1,6.1,3.3,5.5,4.2,0.23,0.21,2.5,0.6,1.1,0.4,39.0,81.0,231.0,2387.3,42.6,35.6
C,3.4,0.4,4168.7,293.9,38.1,5.3,3.5,0.8,10.0,1.1,6.1,3.3,5.5,4.2,0.23,0.21,2.5,0.6,1.1,0.4,39.0,81.0,236.0,2439.0,41.9,35.1
C,3.4,0.4,4168.7,293.9,38.1,5.3,3.5,0.8,10.0,1.1,6.1,3.3,5.5,4.2,0.23,0.21,2.5,0.6,1.1,0.4,39.0,81.0,232.0,2397.6,49.4,41.4
C,3.4,0.4,4168.7,293.9,38.1,5.3,3.5,0.8,10.0,1.1,6.1,3.3,5.5,4.2,0.23,0.21,2.5,0.6,1.1,0.4,39.0,80.5,231.0,2402.1,45.8,38.3
C,3.4,0.4,4168.7,293.9,38.1,5.3,3.5,0.8,10.0,1.1,6.1,3.3,5.5,4.2,0.23,0.21,2.5,0.6,1.1,0.4,39.0,81.0,232.0,2397.6,39.7,33.2
C,3.4,0.4,4168.7,293.9,38.1,5.3,3.5,0.8,10.0,1.1,6.1,3.3,5.5,4.2,0.23,0.21,2.5,0.6,1.1,0.4,39.0,81.0,234.0,2418.3,55.1,46.1
C,3.4,0.4,4168.7,293.9,38.1,5.3,3.5,0.8,10.0,1.1,6.1,3.3,5.5,4.2,0.23,0.21,2.5,0.6,1.1,0.4,39.0,81.0,234.0,2418.3,48.4,40.5
C,3.4,0.4,4168.7,293.9,38.1,5.3,3.5,0.8,10.0,1.1,6.1,3.3,5.5,4.2,0.23,0.21,2.5,0.6,1.1,0.4,39.0,80.5,232.0,2412.5,41.2,34.5
C,3.4,0.4,4168.7,293.9,38.1,5.3,3.5,0.8,10.0,1.1,6.1,3.3,5.5,4.2,0.23,0.21,2.5,0.6,1.1,0.4,39.0,81.0,233.0,2408.0,47.0,39.3
C,3.4,0.4,4168.7,293.9,38.1,5.3,3.5,0.8,10.0,1.1,6.1,3.3,5.5,4.2,0.23,0.21,2.5,0.6,1.1,0.4,39.0,81.0,236.0,2439.0,57.4,48.0
C,3.4,0.4,4168.7,293.9,38.1,5.3,3.5,0.8,10.0,1.1,6.1,3.3,5.5,4.2,0.23,0.21,2.5,0.6,1.1,0.4,39.0,80.5,233.0,2422.9,50.1,42.0
C,3.4,0.4,4168.7,293.9,38.1,5.3,3.5,0.8,10.0,1.1,6.1,3.3,5.5,4.2,0.23,0.21,2.5,0.6,1.1,0.4,39.0,81.0,235.0,2428.6,47.9,40.1
C,3.4,0.4,4168.7,293.9,38.1,5.3,3.5,0.8,10.0,1.1,6.1,3.3,5.5,4.2,0.23,0.21,2.5,0.6,1.1,0.4,39.0,80.5,232.0,2412.5,41.1,34.4
C,3.4,0.4,4168.7,293.9,38.1,5.3,3.5,0.8,10.0,1.1,6.1,3.3,5.5,4.2,0.23,0.21,2.5,0.6,1.1,0.4,39.0,81.0,232.0,2397.6,56.2,47.0
C,3.4,0.4,4168.7,293.9,38.1,5.3,3.5,0.8,10.0,1.1,6.1,3.3,5.5,4.2,0.23,0.21,2.5,0.6,1.1,0.4,39.0,81.0,237.0,2449.3,48.0,40.2
C,3.4,0.4,4168.7,293.9,38.1,5.3,3.5,0.8,10.0,1.1,6.1,3.3,5.5,4.2,0.23,0.21,2.5,0.6,1.1,0.4,39.0,81.0,234.0,2418.3,48.2,40.3
C,3.4,0.4,4168.7,293.9,38.1,5.3,3.5,0.8,10.0,1.1,6.1,3.3,5.5,4.2,0.23,0.21,2.5,0.6,1.1,0.4,39.0,81.0,234.0,2418.3,45.9,38.4
C,3.4,0.4,4168.7,293.9,38.1,5.3,3.5,0.8,10.0,1.1,6.1,3.3,5.5,4.2,0.23,0.21,2.5,0.6,1.1,0.4,39.0,81.0,234.0,2418.3,41.8,35.0
C,3.4,0.4,4168.7,293.9,38.1,5.3,3.5,0.8,10.0,1.1,6.1,3.3,5.5,4.2,0.23,0.21,2.5,0.6,1.1,0.4,39.0,81.0,233.0,2408.0,50.3,42.1
C,3.4,0.4,4168.7,293.9,38.1,5.3,3.5,0.8,10.0,1.1,6.1,3.3,5.5,4.2,0.23,0.21,2.5,0.6,1.1,0.4,39.0,81.0,234.0,2418.3,41.5,34.7
C,3.4,0.4,4168.7,293.9,38.1,5.3,3.5,0.8,10.0,1.1,6.1,3.3,5.5,4.2,0.23,0.21,2.5,0.6,1.1,0.4,39.0,82.0,237.0,2419.4,50.6,42.3
C,3.4,0.4,4168.7,293.9,38.1,5.3,3.5,0.8,10.0,1.1,6.1,3.3,5.5,4.2,0.23,0.21,2.5,0.6,1.1,0.4,39.0,81.5,236.0,2424.0,47.6,39.8
C,3.4,0.4,4168.7,293.9,38.1,5.3,3.5,0.8,10.0,1.1,6.1,3.3,5.5,4.2,0.23,0.21,2.5,0.6,1.1,0.4,39.0,81.5,240.0,2465.1,46.8,39.1
C,3.4,0.4,4168.7,293.9,38.1,5.3,3.5,0.8,10.0,1.1,6.1,3.3,5.5,4.2,0.23,0.21,2.5,0.6,1.1,0.4,39.0,82.0,238.0,2429.7,50.3,42.1
C,3.4,0.4,4168.7,293.9,38.1,5.3,3.5,0.8,10.0,1.1,6.1,3.3,5.5,4.2,0.23,0.21,2.5,0.6,1.1,0.4,39.0,82.0,238.0,2429.7,44.5,37.2
C,3.4,0.4,4168.7,293.9,38.1,5.3,3.5,0.8,10.0,1.1,6.1,3.3,5.5,4.2,0.23,0.21,2.5,0.6,1.1,0.4,39.0,82.0,239.0,2439.9,44.9,37.6
C,3.4,0.4,4168.7,293.9,38.1,5.3,3.5,0.8,10.0,1.1,6.1,3.3,5.5,4.2,0.23,0.21,2.5,0.6,1.1,0.4,39.0,81.5,239.0,2454.8,40.1,33.6
C,3.4,0.4,4168.7,293.9,38.1,5.3,3.5,0.8,10.0,1.1,6.1,3.3,5.5,4.2,0.23,0.21,2.5,0.6,1.1,0.4,39.0,82.0,240.0,2450.1,52.4,43.9
C,3.4,0.4,4168.7,293.9,38.1,5.3,3.5,0.8,10.0,1.1,6.1,3.3,5.5,4.2,0.23,0.21,2.5,0.6,1.1,0.4,39.0,82.0,236.0,2409.2,50.1,42.0
C,3.4,0.4,4168.7,293.9,38.1,5.3,3.5,0.8,10.0,1.1,6.1,3.3,5.5,4.2,0.23,0.21,2.5,0.6,1.1,0.4,39.0,82.0,237.0,2419.4,47.0,39.3
C,3.4,0.4,4168.7,293.9,38.1,5.3,3.5,0.8,10.0,1.1,6.1,3.3,5.5,4.2,0.23,0.21,2.5,0.6,1.1,0.4,39.0,81.5,236.0,2424.0,47.1,39.4
C,3.4,0.4,4168.7,293.9,38.1,5.3,3.5,0.8,10.0,1.1,6.1,3.3,5.5,4.2,0.23,0.21,2.5,0.6,1.1,0.4,39.0,81.0,227.0,2346.0,54.5,45.6
C,3.4,0.4,4168.7,293.9,38.1,5.3,3.5,0.8,10.0,1.1,6.1,3.3,5.5,4.2,0.23,0.21,2.5,0.6,1.1,0.4,39.0,81.0,228.0,2356.3,50.4,42.2
C,3.4,0.4,4168.7,293.9,38.1,5.3,3.5,0.8,10.0,1.1,6.1,3.3,5.5,4.2,0.23,0.21,2.5,0.6,1.1,0.4,39.0,74.0,216.0,2443.4,42.2,35.3
C,3.4,0.4,4168.7,293.9,38.1,5.3,3.5,0.8,10.0,1.1,6.1,3.3,5.5,4.2,0.23,0.21,2.5,0.6,1.1,0.4,39.0,80.5,232.0,2412.5,46.4,38.8
C,3.4,0.4,4168.7,293.9,38.1,5.3,3.5,0.8,10.0,1.1,6.1,3.3,5.5,4.2,0.23,0.21,2.5,0.6,1.1,0.4,39.0,81.0,229.0,2366.6,59.0,49.4
C,3.4,0.4,4168.7,293.9,38.1,5.3,3.5,0.8,10.0,1.1,6.1,3.3,5.5,4.2,0.23,0.21,2.5,0.6,1.1,0.4,39.0,81.0,233.0,2408.0,60.2,50.4
C,3.4,0.4,4168.7,293.9,38.1,5.3,3.5,0.8,10.0,1.1,6.1,3.3,5.5,4.2,0.23,0.21,2.5,0.6,1.1,0.4,39.0,81.0,232.0,2397.6,49.3,41.3
C,3.4,0.4,4168.7,293.9,38.1,5.3,3.5,0.8,10.0,1.1,6.1,3.3,5.5,4.2,0.23,0.21,2.5,0.6,1.1,0.4,39.0,81.0,235.0,2428.6,46.5,38.9
C,3.4,0.4,4168.7,293.9,38.1,5.3,3.5,0.8,10.0,1.1,6.1,3.3,5.5,4.2,0.23,0.21,2.5,0.6,1.1,0.4,39.0,80.0,226.0,2364.8,41.1,34.4
C,3.4,0.4,4168.7,293.9,38.1,5.3,3.5,0.8,10.0,1.1,6.1,3.3,5.5,4.2,0.23,0.21,2.5,0.6,1.1,0.4,39.0,81.0,237.0,2449.3,34.4,28.8
C,3.4,0.4,4168.7,293.9,38.1,5.3,3.5,0.8,10.0,1.1,6.1,3.3,5.5,4.2,0.23,0.21,2.5,0.6,1.1,0.4,39.0,81.0,234.0,2418.3,37.2,31.2
C,3.4,0.4,4476.2,166.0,43.8,3.2,3.5,0.3,15.9,3.9,8.6,4.4,4.5,1.7,0.27,0.18,4.1,1.0,1.7,0.6,69.5,140.0,1277.0,2404.4,135.6,35.7
C,3.4,0.4,4476.2,166.0,43.8,3.2,3.5,0.3,15.9,3.9,8.6,4.4,4.5,1.7,0.27,0.18,4.1,1.0,1.7,0.6,69.5,140.0,1276.0,2402.5,136.7,36.0
C,3.4,0.4,4476.2,166.0,43.8,3.2,3.5,0.3,15.9,3.9,8.6,4.4,4.5,1.7,0.27,0.18,4.1,1.0,1.7,0.6,69.5,140.0,1292.0,2432.6,123.0,32.4
C,3.4,0.4,4476.2,166.0,43.8,3.2,3.5,0.3,15.9,3.9,8.6,4.4,4.5,1.7,0.27,0.18,4.1,1.0,1.7,0.6,69.5,140.0,1276.0,2402.5,172.5,45.5
C,3.4,0.4,4476.2,166.0,43.8,3.2,3.5,0.3,15.9,3.9,8.6,4.4,4.5,1.7,0.27,0.18,4.1,1.0,1.7,0.6,69.5,139.5,1279.0,2416.8,187.1,49.3
C,3.4,0.4,4476.2,166.0,43.8,3.2,3.5,0.3,15.9,3.9,8.6,4.4,4.5,1.7,0.27,0.18,4.1,1.0,1.7,0.6,69.5,140.0,1288.0,2425.1,175.4,46.2
C,3.4,0.4,4476.2,166.0,43.8,3.2,3.5,0.3,15.9,3.9,8.6,4.4,4.5,1.7,0.27,0.18,4.1,1.0,1.7,0.6,69.5,140.0,1284.0,2417.6,183.1,48.3
C,3.4,0.4,4476.2,166.0,43.8,3.2,3.5,0.3,15.9,3.9,8.6,4.4,4.5,1.7,0.27,0.18,4.1,1.0,1.7,0.6,69.5,140.0,1288.0,2425.1,145.6,38.4
C,3.4,0.4,4476.2,166.0,43.8,3.2,3.5,0.3,15.9,3.9,8.6,4.4,4.5,1.7,0.27,0.18,4.1,1.0,1.7,0.6,69.5,140.0,1287.0,2423.2,140.8,37.1
C,3.4,0.4,4476.2,166.0,43.8,3.2,3.5,0.3,15.9,3.9,8.6,4.4,4.5,1.7,0.27,0.18,4.1,1.0,1.7,0.6,69.5,139.0,1282.0,2431.2,125.1,33.0
C,3.4,0.4,4476.2,166.0,43.8,3.2,3.5,0.3,15.9,3.9,8.6,4.4,4.5,1.7,0.27,0.18,4.1,1.0,1.7,0.6,69.5,140.0,1289.0,2427.0,131.3,34.6
C,3.4,0.4,4476.2,166.0,43.8,3.2,3.5,0.3,15.9,3.9,8.6,4.4,4.5,1.7,0.27,0.18,4.1,1.0,1.7,0.6,69.5,139.0,1275.0,2417.9,135.1,35.6
C,3.4,0.4,4476.2,166.0,43.8,3.2,3.5,0.3,15.9,3.9,8.6,4.4,4.5,1.7,0.27,0.18,4.1,1.0,1.7,0.6,69.5,140.0,1293.0,2434.5,135.4,35.7
C,3.4,0.4,4476.2,166.0,43.8,3.2,3.5,0.3,15.9,3.9,8.6,4.4,4.5,1.7,0.27,0.18,4.1,1.0,1.7,0.6,69.5,140.0,1304.0,2455.2,140.3,37.0
C,3.4,0.4,4476.2,166.0,43.8,3.2,3.5,0.3,15.9,3.9,8.6,4.4,4.5,1.7,0.27,0.18,4.1,1.0,1.7,0.6,69.5,140.0,1281.0,2411.9,116.0,30.6
C,3.4,0.4,4476.2,166.0,43.8,3.2,3.5,0.3,15.9,3.9,8.6,4.4,4.5,1.7,0.27,0.18,4.1,1.0,1.7,0.6,69.5,139.5,1285.0,2428.1,157.1,41.4
C,3.4,0.4,4476.2,166.0,43.8,3.2,3.5,0.3,15.9,3.9,8.6,4.4,4.5,1.7,0.27,0.18,4.1,1.0,1.7,0.6,69.5,140.0,1294.0,2436.4,122.2,32.2
C,3.4,0.4,4476.2,166.0,43.8,3.2,3.5,0.3,15.9,3.9,8.6,4.4,4.5,1.7,0.27,0.18,4.1,1.0,1.7,0.6,69.5,139.5,1288.0,2433.8,151.4,39.9
C,3.4,0.4,4476.2,166.0,43.8,3.2,3.5,0.3,15.9,3.9,8.6,4.4,4.5,1.7,0.27,0.18,4.1,1.0,1.7,0.6,69.5,139.5,1286.0,2430.0,151.1,39.8
C,3.4,0.4,4476.2,166.0,43.8,3.2,3.5,0.3,15.9,3.9,8.6,4.4,4.5,1.7,0.27,0.18,4.1,1.0,1.7,0.6,69.5,140.0,1294.0,2436.4,162.5,42.8
C,3.4,0.4,4476.2,166.0,43.8,3.2,3.5,0.3,15.9,3.9,8.6,4.4,4.5,1.7,0.27,0.18,4.1,1.0,1.7,0.6,69.5,140.0,1278.0,2406.3,170.8,45.0
C,3.4,0.4,4476.2,166.0,43.8,3.2,3.5,0.3,15.9,3.9,8.6,4.4,4.5,1.7,0.27,0.18,4.1,1.0,1.7,0.6,69.5,140.0,1287.0,2423.2,115.0,30.3
C,3.4,0.4,4476.2,166.0,43.8,3.2,3.5,0.3,15.9,3.9,8.6,4.4,4.5,1.7,0.27,0.18,4.1,1.0,1.7,0.6,69.5,140.0,1281.0,2411.9,128.3,33.8
C,3.4,0.4,4476.2,166.0,43.8,3.2,3.5,0.3,15.9,3.9,8.6,4.4,4.5,1.7,0.27,0.18,4.1,1.0,1.7,0.6,69.5,141.0,1285.0,2402.3,129.5,34.1
C,3.4,0.4,4476.2,166.0,43.8,3.2,3.5,0.3,15.9,3.9,8.6,4.4,4.5,1.7,0.27,0.18,4.1,1.0,1.7,0.6,69.5,140.0,1284.0,2417.6,188.9,49.8
C,3.4,0.4,4476.2,166.0,43.8,3.2,3.5,0.3,15.9,3.9,8.6,4.4,4.5,1.7,0.27,0.18,4.1,1.0,1.7,0.6,69.5,139.5,1280.0,2418.7,172.6,45.5
C,3.4,0.4,4476.2,166.0,43.8,3.2,3.5,0.3,15.9,3.9,8.6,4.4,4.5,1.7,0.27,0.18,4.1,1.0,1.7,0.6,69.5,140.0,1278.0,2406.3,157.3,41.5
C,3.4,0.4,4476.2,166.0,43.8,3.2,3.5,0.3,15.9,3.9,8.6,4.4,4.5,1.7,0.27,0.18,4.1,1.0,1.7,0.6,69.5,140.0,1289.0,2427.0,187.0,49.3
C,3.4,0.4,4476.2,166.0,43.8,3.2,3.5,0.3,15.9,3.9,8.6,4.4,4.5,1.7,0.27,0.18,4.1,1.0,1.7,0.6,69.5,139.5,1279.0,2416.8,174.7,46.1
C,3.4,0.4,4476.2,166.0,43.8,3.2,3.5,0.3,15.9,3.9,8.6,4.4,4.5,1.7,0.27,0.18,4.1,1.0,1.7,0.6,69.5,140.0,1288.0,2425.1,179.7,47.4
C,3.4,0.4,4476.2,166.0,43.8,3.2,3.5,0.3,15.9,3.9,8.6,4.4,4.5,1.7,0.27,0.18,4.1,1.0,1.7,0.6,69.5,140.0,1281.0,2411.9,169.9,44.8
C,3.4,0.4,4476.2,166.0,43.8,3.2,3.5,0.3,15.9,3.9,8.6,4.4,4.5,1.7,0.27,0.18,4.1,1.0,1.7,0.6,69.5,140.2,1285.0,2416.0,117.1,30.9
C,3.4,0.4,4476.2,166.0,43.8,3.2,3.5,0.3,15.9,3.9,8.6,4.4,4.5,1.7,0.27,0.18,4.1,1.0,1.7,0.6,69.5,140.0,1294.0,2436.4,184.4,48.6
C,3.4,0.4,4476.2,166.0,43.8,3.2,3.5,0.3,15.9,3.9,8.6,4.4,4.5,1.7,0.27,0.18,4.1,1.0,1.7,0.6,69.5,140.0,1284.0,2417.6,184.5,48.6
C,3.4,0.4,4476.2,166.0,43.8,3.2,3.5,0.3,15.9,3.9,8.6,4.4,4.5,1.7,0.27,0.18,4.1,1.0,1.7,0.6,69.5,140.0,1288.0,2425.1,165.8,43.7
C,3.4,0.4,4476.2,166.0,43.8,3.2,3.5,0.3,15.9,3.9,8.6,4.4,4.5,1.7,0.27,0.18,4.1,1.0,1.7,0.6,69.5,140.0,1285.0,2419.4,152.8,40.3
C,3.4,0.4,4476.2,166.0,43.8,3.2,3.5,0.3,15.9,3.9,8.6,4.4,4.5,1.7,0.27,0.18,4.1,1.0,1.7,0.6,69.5,140.0,1284.0,2417.6,169.1,44.6
C,3.4,0.4,4476.2,166.0,43.8,3.2,3.5,0.3,15.9,3.9,8.6,4.4,4.5,1.7,0.27,0.18,4.1,1.0,1.7,0.6,69.5,140.0,1297.0,2442.0,110.8,29.2
C,3.4,0.4,4476.2,166.0,43.8,3.2,3.5,0.3,15.9,3.9,8.6,4.4,4.5,1.7,0.27,0.18,4.1,1.0,1.7,0.6,69.5,140.0,1281.0,2411.9,118.7,31.3
C,3.4,0.4,4476.2,166.0,43.8,3.2,3.5,0.3,15.9,3.9,8.6,4.4,4.5,1.7,0.27,0.18,4.1,1.0,1.7,0.6,69.5,135.0,1233.0,2407.5,165.1,43.5
C,3.4,0.4,4476.2,166.0,43.8,3.2,3.5,0.3,15.9,3.9,8.6,4.4,4.5,1.7,0.27,0.18,4.1,1.0,1.7,0.6,69.5,134.0,1233.0,2425.5,145.5,38.3
C,3.4,0.4,4476.2,166.0,43.8,3.2,3.5,0.3,15.9,3.9,8.6,4.4,4.5,1.7,0.27,0.18,4.1,1.0,1.7,0.6,69.5,140.0,1290.0,2428.9,154.3,40.7
C,3.0,0.2,4359.4,262.4,41.0,5.0,3.2,0.3,22.5,11.1,8.9,4.7,6.9,3.5,0.33,0.23,5.4,1.3,1.4,0.5,111.8,218.0,5.1,2385.4,348.6,35.5
C,3.0,0.2,4359.4,262.4,41.0,5.0,3.2,0.3,22.5,11.1,8.9,4.7,6.9,3.5,0.33,0.23,5.4,1.3,1.4,0.5,111.9,220.0,5.2,2383.1,346.9,35.3
C,3.0,0.2,4359.4,262.4,41.0,5.0,3.2,0.3,22.5,11.1,8.9,4.7,6.9,3.5,0.33,0.23,5.4,1.3,1.4,0.5,111.8,218.0,5.1,2388.2,350.0,35.7
C,3.0,0.2,4359.4,262.4,41.0,5.0,3.2,0.3,22.5,11.1,8.9,4.7,6.9,3.5,0.33,0.23,5.4,1.3,1.4,0.5,111.9,217.0,5.1,2381.8,357.1,36.3
C,3.0,0.2,4359.4,262.4,41.0,5.0,3.2,0.3,22.5,11.1,8.9,4.7,6.9,3.5,0.33,0.23,5.4,1.3,1.4,0.5,112.2,215.7,5.1,2370.7,324.5,32.8
C,3.0,0.2,4359.4,262.4,41.0,5.0,3.2,0.3,22.5,11.1,8.9,4.7,6.9,3.5,0.33,0.23,5.4,1.3,1.4,0.5,111.9,219.0,5.1,2380.0,322.4,32.8
C,3.0,0.2,4359.4,262.4,41.0,5.0,3.2,0.3,22.5,11.1,8.9,4.7,6.9,3.5,0.33,0.23,5.4,1.3,1.4,0.5,112.0,217.8,5.1,2385.2,319.6,32.4
C,3.0,0.2,4359.4,262.4,41.0,5.0,3.2,0.3,22.5,11.1,8.9,4.7,6.9,3.5,0.33,0.23,5.4,1.3,1.4,0.5,111.9,220.0,5.2,2387.7,306.0,31.1
C,3.0,0.2,4359.4,262.4,41.0,5.0,3.2,0.3,22.5,11.1,8.9,4.7,6.9,3.5,0.33,0.23,5.4,1.3,1.4,0.5,111.7,219.3,5.1,2395.5,308.5,31.5
C,3.0,0.2,4359.4,262.4,41.0,5.0,3.2,0.3,22.5,11.1,8.9,4.7,6.9,3.5,0.33,0.23,5.4,1.3,1.4,0.5,111.8,212.0,5.0,2390.5,383.4,39.1
C,3.0,0.2,4359.4,262.4,41.0,5.0,3.2,0.3,22.5,11.1,8.9,4.7,6.9,3.5,0.33,0.23,5.4,1.3,1.4,0.5,111.8,216.0,5.1,2419.8,365.2,37.2
C,3.0,0.2,4359.4,262.4,41.0,5.0,3.2,0.3,22.5,11.1,8.9,4.7,6.9,3.5,0.33,0.23,5.4,1.3,1.4,0.5,111.7,220.0,5.2,2418.1,354.6,36.2
C,3.0,0.2,4359.4,262.4,41.0,5.0,3.2,0.3,22.5,11.1,8.9,4.7,6.9,3.5,0.33,0.23,5.4,1.3,1.4,0.5,111.8,215.0,5.1,2416.3,356.6,36.3
C,3.0,0.2,4359.4,262.4,41.0,5.0,3.2,0.3,22.5,11.1,8.9,4.7,6.9,3.5,0.33,0.23,5.4,1.3,1.4,0.5,111.7,216.0,5.1,2427.9,374.6,38.2
C,3.0,0.2,4359.4,262.4,41.0,5.0,3.2,0.3,22.5,11.1,8.9,4.7,6.9,3.5,0.33,0.23,5.4,1.3,1.4,0.5,111.7,218.5,5.2,2416.5,358.5,36.6
C,3.0,0.2,4359.4,262.4,41.0,5.0,3.2,0.3,22.5,11.1,8.9,4.7,6.9,3.5,0.33,0.23,5.4,1.3,1.4,0.5,111.8,217.0,5.2,2422.7,365.7,37.3
C,3.0,0.2,4359.4,262.4,41.0,5.0,3.2,0.3,22.5,11.1,8.9,4.7,6.9,3.5,0.33,0.23,5.4,1.3,1.4,0.5,112.0,217.7,5.2,2417.0,344.1,34.9
C,3.0,0.2,4359.4,262.4,41.0,5.0,3.2,0.3,22.5,11.1,8.9,4.7,6.9,3.5,0.33,0.23,5.4,1.3,1.4,0.5,111.8,222.0,5.2,2389.7,348.1,35.5
C,3.0,0.2,4359.4,262.4,41.0,5.0,3.2,0.3,22.5,11.1,8.9,4.7,6.9,3.5,0.33,0.23,5.4,1.3,1.4,0.5,111.8,219.7,5.1,2369.3,352.4,35.9
C,3.0,0.2,4359.4,262.4,41.0,5.0,3.2,0.3,22.5,11.1,8.9,4.7,6.9,3.5,0.33,0.23,5.4,1.3,1.4,0.5,112.0,222.2,5.2,2384.5,367.5,37.3
C,3.0,0.2,4359.4,262.4,41.0,5.0,3.2,0.3,22.5,11.1,8.9,4.7,6.9,3.5,0.33,0.23,5.4,1.3,1.4,0.5,112.2,216.5,5.1,2395.6,376.8,38.1
C,3.0,0.2,4359.4,262.4,41.0,5.0,3.2,0.3,22.5,11.1,8.9,4.7,6.9,3.5,0.33,0.23,5.4,1.3,1.4,0.5,111.8,219.0,5.1,2381.5,339.0,34.5
C,3.0,0.2,4359.4,262.4,41.0,5.0,3.2,0.3,22.5,11.1,8.9,4.7,6.9,3.5,0.33,0.23,5.4,1.3,1.4,0.5,112.0,221.0,5.2,2386.0,302.5,30.7
C,3.0,0.2,4359.4,262.4,41.0,5.0,3.2,0.3,22.5,11.1,8.9,4.7,6.9,3.5,0.33,0.23,5.4,1.3,1.4,0.5,111.7,221.0,5.2,2396.5,333.4,34.0
C,3.0,0.2,4359.4,262.4,41.0,5.0,3.2,0.3,22.5,11.1,8.9,4.7,6.9,3.5,0.33,0.23,5.4,1.3,1.4,0.5,111.8,220.0,5.2,2384.6,449.3,45.8
C,3.0,0.2,4359.4,262.4,41.0,5.0,3.2,0.3,22.5,11.1,8.9,4.7,6.9,3.5,0.33,0.23,5.4,1.3,1.4,0.5,111.9,221.0,5.2,2375.1,394.6,40.1
C,3.0,0.2,4359.4,262.4,41.0,5.0,3.2,0.3,22.5,11.1,8.9,4.7,6.9,3.5,0.33,0.23,5.4,1.3,1.4,0.5,111.8,221.0,5.2,2380.7,390.2,39.7
C,3.0,0.2,4359.4,262.4,41.0,5.0,3.2,0.3,22.5,11.1,8.9,4.7,6.9,3.5,0.33,0.23,5.4,1.3,1.4,0.5,111.5,215.7,5.1,2411.0,388.8,39.8
C,3.0,0.2,4359.4,262.4,41.0,5.0,3.2,0.3,22.5,11.1,8.9,4.7,6.9,3.5,0.33,0.23,5.4,1.3,1.4,0.5,111.8,219.0,5.2,2422.9,379.3,38.6
C,3.0,0.2,4359.4,262.4,41.0,5.0,3.2,0.3,22.5,11.1,8.9,4.7,6.9,3.5,0.33,0.23,5.4,1.3,1.4,0.5,112.0,219.0,5.2,2409.6,392.5,39.8
C,3.0,0.2,4359.4,262.4,41.0,5.0,3.2,0.3,22.5,11.1,8.9,4.7,6.9,3.5,0.33,0.23,5.4,1.3,1.4,0.5,112.2,218.0,5.1,2379.1,365.3,36.9
C,3.0,0.2,4359.4,262.4,41.0,5.0,3.2,0.3,22.5,11.1,8.9,4.7,6.9,3.5,0.33,0.23,5.4,1.3,1.4,0.5,112.0,223.0,5.2,2377.3,402.1,40.8
C,3.0,0.2,4359.4,262.4,41.0,5.0,3.2,0.3,22.5,11.1,8.9,4.7,6.9,3.5,0.33,0.23,5.4,1.3,1.4,0.5,112.0,214.0,5.1,2409.0,375.9,38.2
C,3.0,0.2,4359.4,262.4,41.0,5.0,3.2,0.3,22.5,11.1,8.9,4.7,6.9,3.5,0.33,0.23,5.4,1.3,1.4,0.5,111.5,221.7,5.2,2400.3,369.5,37.8
C,3.0,0.2,4359.4,262.4,41.0,5.0,3.2,0.3,22.5,11.1,8.9,4.7,6.9,3.5,0.33,0.23,5.4,1.3,1.4,0.5,111.9,219.0,5.2,2396.8,401.4,40.8
C,3.0,0.2,4359.4,262.4,41.0,5.0,3.2,0.3,22.5,11.1,8.9,4.7,6.9,3.5,0.33,0.23,5.4,1.3,1.4,0.5,111.8,221.3,5.2,2411.1,373.4,38.0
C,3.0,0.2,4359.4,262.4,41.0,5.0,3.2,0.3,22.5,11.1,8.9,4.7,6.9,3.5,0.33,0.23,5.4,1.3,1.4,0.5,112.0,223.7,5.2,2363.1,374.9,38.1
C,3.0,0.2,4359.4,262.4,41.0,5.0,3.2,0.3,22.5,11.1,8.9,4.7,6.9,3.5,0.33,0.23,5.4,1.3,1.4,0.5,112.0,219.0,5.1,2374.9,403.5,41.0
C,3.0,0.2,4359.4,262.4,41.0,5.0,3.2,0.3,22.5,11.1,8.9,4.7,6.9,3.5,0.33,0.23,5.4,1.3,1.4,0.5,111.8,220.0,5.2,2399.9,392.4,40.0
C,3.0,0.2,4359.4,262.4,41.0,5.0,3.2,0.3,22.5,11.1,8.9,4.7,6.9,3.5,0.33,0.23,5.4,1.3,1.4,0.5,112.0,221.8,5.2,2377.4,395.0,40.1
C,3.0,0.2,4359.4,262.4,41.0,5.0,3.2,0.3,22.5,11.1,8.9,4.7,6.9,3.5,0.33,0.23,5.4,1.3,1.4,0.5,112.3,222.0,5.2,2363.9,383.0,38.7
C,3.0,0.2,4359.4,262.4,41.0,5.0,3.2,0.3,22.5,11.1,8.9,4.7,6.9,3.5,0.33,0.23,5.4,1.3,1.4,0.5,112.1,218.7,5.1,2372.0,401.9,40.7
C,3.0,0.2,4359.4,262.4,41.0,5.0,3.2,0.3,22.5,11.1,8.9,4.7,6.9,3.5,0.33,0.23,5.4,1.3,1.4,0.5,112.0,220.7,5.2,2406.2,384.1,39.0
C,3.0,0.2,4359.4,262.4,41.0,5.0,3.2,0.3,22.5,11.1,8.9,4.7,6.9,3.5,0.33,0.23,5.4,1.3,1.4,0.5,111.8,222.7,5.3,2411.9,411.9,42.0
C,3.1,0.2,4365.5,252.3,40.5,4.9,3.8,0.5,27.8,6.7,10.5,4.9,7.1,3.4,0.29,0.19,5.3,1.0,1.6,0.3,160.0,313.5,14.9,2362.3,683.2,34.0
C,3.1,0.2,4365.5,252.3,40.5,4.9,3.8,0.5,27.8,6.7,10.5,4.9,7.1,3.4,0.29,0.19,5.3,1.0,1.6,0.3,160.0,316.0,15.0,2357.1,711.5,35.4
C,3.1,0.2,4365.5,252.3,40.5,4.9,3.8,0.5,27.8,6.7,10.5,4.9,7.1,3.4,0.29,0.19,5.3,1.0,1.6,0.3,160.0,316.0,15.1,2375.7,686.8,34.2
C,3.1,0.2,4365.5,252.3,40.5,4.9,3.8,0.5,27.8,6.7,10.5,4.9,7.1,3.4,0.29,0.19,5.3,1.0,1.6,0.3,160.0,312.3,14.8,2362.9,786.6,39.1
C,3.1,0.2,4365.5,252.3,40.5,4.9,3.8,0.5,27.8,6.7,10.5,4.9,7.1,3.4,0.29,0.19,5.3,1.0,1.6,0.3,160.0,313.8,14.9,2364.8,743.6,37.0
C,3.1,0.2,4365.5,252.3,40.5,4.9,3.8,0.5,27.8,6.7,10.5,4.9,7.1,3.4,0.29,0.19,5.3,1.0,1.6,0.3,160.0,314.0,15.0,2381.1,752.3,37.4
C,3.1,0.2,4365.5,252.3,40.5,4.9,3.8,0.5,27.8,6.7,10.5,4.9,7.1,3.4,0.29,0.19,5.3,1.0,1.6,0.3,160.0,312.3,14.9,2368.3,756.8,37.6
C,3.1,0.2,4365.5,252.3,40.5,4.9,3.8,0.5,27.8,6.7,10.5,4.9,7.1,3.4,0.29,0.19,5.3,1.0,1.6,0.3,160.0,315.0,15.0,2369.6,767.5,38.2
C,3.1,0.2,4365.5,252.3,40.5,4.9,3.8,0.5,27.8,6.7,10.5,4.9,7.1,3.4,0.29,0.19,5.3,1.0,1.6,0.3,160.0,311.7,14.8,2365.8,754.2,37.5
C,3.1,0.2,4365.5,252.3,40.5,4.9,3.8,0.5,27.8,6.7,10.5,4.9,7.1,3.4,0.29,0.19,5.3,1.0,1.6,0.3,160.0,318.0,15.1,2357.8,701.1,34.9
C,3.1,0.2,4365.5,252.3,40.5,4.9,3.8,0.5,27.8,6.7,10.5,4.9,7.1,3.4,0.29,0.19,5.3,1.0,1.6,0.3,160.0,314.3,15.0,2368.4,735.3,36.6
C,3.1,0.2,4365.5,252.3,40.5,4.9,3.8,0.5,27.8,6.7,10.5,4.9,7.1,3.4,0.29,0.19,5.3,1.0,1.6,0.3,160.0,316.2,15.2,2395.3,767.9,38.2
C,3.1,0.2,4365.5,252.3,40.5,4.9,3.8,0.5,27.8,6.7,10.5,4.9,7.1,3.4,0.29,0.19,5.3,1.0,1.6,0.3,160.0,315.2,15.2,2402.5,739.0,36.8
C,3.1,0.2,4365.5,252.3,40.5,4.9,3.8,0.5,27.8,6.7,10.5,4.9,7.1,3.4,0.29,0.19,5.3,1.0,1.6,0.3,160.0,318.3,14.9,2334.6,743.6,37.0
C,3.1,0.2,4365.5,252.3,40.5,4.9,3.8,0.5,27.8,6.7,10.5,4.9,7.1,3.4,0.29,0.19,5.3,1.0,1.6,0.3,160.0,311.0,15.1,2410.8,762.1,37.9
C,3.1,0.2,4365.5,252.3,40.5,4.9,3.8,0.5,27.8,6.7,10.5,4.9,7.1,3.4,0.29,0.19,5.3,1.0,1.6,0.3,160.0,316.0,15.3,2413.8,748.5,37.2
C,3.1,0.2,4365.5,252.3,40.5,4.9,3.8,0.5,27.8,6.7,10.5,4.9,7.1,3.4,0.29,0.19,5.3,1.0,1.6,0.3,160.0,317.5,15.2,2383.9,697.3,34.7
C,3.1,0.2,4365.5,252.3,40.5,4.9,3.8,0.5,27.8,6.7,10.5,4.9,7.1,3.4,0.29,0.19,5.3,1.0,1.6,0.3,160.0,315.2,15.2,2405.7,766.9,38.1
C,3.1,0.2,4365.5,252.3,40.5,4.9,3.8,0.5,27.8,6.7,10.5,4.9,7.1,3.4,0.29,0.19,5.3,1.0,1.6,0.3,160.0,316.3,15.1,2381.1,753.9,37.5
C,3.1,0.2,4365.5,252.3,40.5,4.9,3.8,0.5,27.8,6.7,10.5,4.9,7.1,3.4,0.29,0.19,5.3,1.0,1.6,0.3,160.0,312.0,15.0,2394.2,708.5,35.2
C,3.1,0.2,4365.5,252.3,40.5,4.9,3.8,0.5,27.8,6.7,10.5,4.9,7.1,3.4,0.29,0.19,5.3,1.0,1.6,0.3,160.0,314.0,15.1,2387.2,766.7,38.1
C,3.1,0.2,4365.5,252.3,40.5,4.9,3.8,0.5,27.8,6.7,10.5,4.9,7.1,3.4,0.29,0.19,5.3,1.0,1.6,0.3,160.0,311.2,14.9,2375.7,742.5,36.9
C,3.1,0.2,4365.5,252.3,40.5,4.9,3.8,0.5,27.8,6.7,10.5,4.9,7.1,3.4,0.29,0.19,5.3,1.0,1.6,0.3,160.0,308.0,14.8,2383.1,738.7,36.7
C,3.1,0.2,4365.5,252.3,40.5,4.9,3.8,0.5,27.8,6.7,10.5,4.9,7.1,3.4,0.29,0.19,5.3,1.0,1.6,0.3,160.0,315.0,15.2,2399.2,746.5,37.1
C,3.1,0.2,4365.5,252.3,40.5,4.9,3.8,0.5,27.8,6.7,10.5,4.9,7.1,3.4,0.29,0.19,5.3,1.0,1.6,0.3,160.0,315.8,15.1,2375.3,720.5,35.8
C,3.1,0.2,4365.5,252.3,40.5,4.9,3.8,0.5,27.8,6.7,10.5,4.9,7.1,3.4,0.29,0.19,5.3,1.0,1.6,0.3,160.0,313.0,15.0,2380.7,750.5,37.3
C,3.1,0.2,4365.5,252.3,40.5,4.9,3.8,0.5,27.8,6.7,10.5,4.9,7.1,3.4,0.29,0.19,5.3,1.0,1.6,0.3,160.0,310.0,14.9,2387.3,696.0,34.6
C,3.1,0.2,4365.5,252.3,40.5,4.9,3.8,0.5,27.8,6.7,10.5,4.9,7.1,3.4,0.29,0.19,5.3,1.0,1.6,0.3,160.0,312.0,14.8,2366.6,729.8,36.3
C,3.1,0.2,4365.5,252.3,40.5,4.9,3.8,0.5,27.8,6.7,10.5,4.9,7.1,3.4,0.29,0.19,5.3,1.0,1.6,0.3,160.0,311.0,14.9,2378.8,733.0,36.5
C,3.1,0.2,4365.5,252.3,40.5,4.9,3.8,0.5,27.8,6.7,10.5,4.9,7.1,3.4,0.29,0.19,5.3,1.0,1.6,0.3,160.0,313.2,15.0,2381.2,718.9,35.8
C,3.1,0.2,4365.5,252.3,40.5,4.9,3.8,0.5,27.8,6.7,10.5,4.9,7.1,3.4,0.29,0.19,5.3,1.0,1.6,0.3,160.0,316.0,15.2,2385.9,739.3,36.8
C,3.1,0.2,4365.5,252.3,40.5,4.9,3.8,0.5,27.8,6.7,10.5,4.9,7.1,3.4,0.29,0.19,5.3,1.0,1.6,0.3,160.0,317.3,15.3,2391.3,741.9,36.9
C,3.1,0.2,4365.5,252.3,40.5,4.9,3.8,0.5,27.8,6.7,10.5,4.9,7.1,3.4,0.29,0.19,5.3,1.0,1.6,0.3,160.0,313.0,15.1,2397.5,719.8,35.8
C,3.1,0.2,4365.5,252.3,40.5,4.9,3.8,0.5,27.8,6.7,10.5,4.9,7.1,3.4,0.29,0.19,5.3,1.0,1.6,0.3,160.0,315.0,15.3,2413.8,745.3,37.1
C,3.1,0.2,4365.5,252.3,40.5,4.9,3.8,0.5,27.8,6.7,10.5,4.9,7.1,3.4,0.29,0.19,5.3,1.0,1.6,0.3,160.0,316.3,15.2,2395.0,765.2,38.1
C,3.1,0.2,4365.5,252.3,40.5,4.9,3.8,0.5,27.8,6.7,10.5,4.9,7.1,3.4,0.29,0.19,5.3,1.0,1.6,0.3,160.0,313.2,15.1,2404.1,789.4,39.3
C,3.1,0.2,4365.5,252.3,40.5,4.9,3.8,0.5,27.8,6.7,10.5,4.9,7.1,3.4,0.29,0.19,5.3,1.0,1.6,0.3,160.0,314.0,15.2,2406.3,762.7,37.9
C,3.1,0.2,4365.5,252.3,40.5,4.9,3.8,0.5,27.8,6.7,10.5,4.9,7.1,3.4,0.29,0.19,5.3,1.0,1.6,0.3,160.0,315.0,15.1,2389.9,774.6,38.5
C,3.1,0.2,4365.5,252.3,40.5,4.9,3.8,0.5,27.8,6.7,10.5,4.9,7.1,3.4,0.29,0.19,5.3,1.0,1.6,0.3,160.0,314.2,15.3,2417.9,716.9,35.7
C,3.1,0.2,4365.5,252.3,40.5,4.9,3.8,0.5,27.8,6.7,10.5,4.9,7.1,3.4,0.29,0.19,5.3,1.0,1.6,0.3,160.0,316.8,15.2,2392.8,665.4,33.1
